region,country,lat,lon,collection_habitat,family,genus,species,sp_abbr,ID,date_start,date_end,year_start,year_finish,month_start,month_end,CTmax,Tmax,breeding_habitat,citation
Temperate,Japan,43.14303,141.20409,Open,Bufonidae,Bufo,Bufo japonicus formosus,BJF,BJF_1,Apr-20,Jun-20,2020,2020,4,7,39.3,32.5,Open,Matsui et al. 2018; Haramura pers. comm.
Temperate,Japan,43.14303,141.20409,Open,Bufonidae,Bufo,Bufo japonicus formosus,BJF,BJF_2,Apr-20,Jun-20,2020,2020,4,7,40.3,32.5,Open,Matsui et al. 2018; Haramura pers. comm.
Temperate,Japan,43.14303,141.20409,Open,Bufonidae,Bufo,Bufo japonicus formosus,BJF,BJF_3,Apr-20,Jun-20,2020,2020,4,7,40.1,32.5,Open,Matsui et al. 2018; Haramura pers. comm.
Temperate,Japan,43.14303,141.20409,Open,Bufonidae,Bufo,Bufo japonicus formosus,BJF,BJF_4,Apr-20,Jun-20,2020,2020,4,7,40.6,32.5,Open,Matsui et al. 2018; Haramura pers. comm.
Temperate,Japan,43.14303,141.20409,Open,Bufonidae,Bufo,Bufo japonicus formosus,BJF,BJF_5,Apr-20,Jun-20,2020,2020,4,7,40.3,32.5,Open,Matsui et al. 2018; Haramura pers. comm.
Temperate,Japan,43.14303,141.20409,Open,Bufonidae,Bufo,Bufo japonicus formosus,BJF,BJF_6,Apr-20,Jun-20,2020,2020,4,7,40.5,32.5,Open,Matsui et al. 2018; Haramura pers. comm.
Temperate,Japan,43.14303,141.20409,Open,Bufonidae,Bufo,Bufo japonicus formosus,BJF,BJF_7,Apr-20,Jun-20,2020,2020,4,7,39.6,32.5,Open,Matsui et al. 2018; Haramura pers. comm.
Temperate,Japan,42.59478,141.28102,Forest,Ranidae,Rana,Rana pirica,RP,RP_1,Mar-20,Jun-20,2020,2020,3,7,33.9,14.5,Forest,Matsui et al. 2018; Haramura pers. comm.
Temperate,Japan,42.59478,141.28102,Forest,Ranidae,Rana,Rana pirica,RP,RP_2,Mar-20,Jun-20,2020,2020,3,7,36.8,14.5,Forest,Matsui et al. 2018; Haramura pers. comm.
Temperate,Japan,42.59478,141.28102,Forest,Ranidae,Rana,Rana pirica,RP,RP_3,Mar-20,Jun-20,2020,2020,3,7,32.6,14.5,Forest,Matsui et al. 2018; Haramura pers. comm.
Temperate,Japan,42.59478,141.28102,Forest,Ranidae,Rana,Rana pirica,RP,RP_4,Mar-20,Jun-20,2020,2020,3,7,32,14.5,Forest,Matsui et al. 2018; Haramura pers. comm.
Temperate,Japan,42.59478,141.28102,Forest,Ranidae,Rana,Rana pirica,RP,RP_5,Mar-20,Jun-20,2020,2020,3,7,33.9,14.5,Forest,Matsui et al. 2018; Haramura pers. comm.
Temperate,Japan,42.59478,141.28102,Forest,Ranidae,Rana,Rana pirica,RP,RP_6,Mar-20,Jun-20,2020,2020,3,7,33,14.5,Forest,Matsui et al. 2018; Haramura pers. comm.
Temperate,Japan,42.59478,141.28102,Forest,Ranidae,Rana,Rana pirica,RP,RP_7,Mar-20,Jun-20,2020,2020,3,7,34.6,14.5,Forest,Matsui et al. 2018; Haramura pers. comm.
Temperate,Japan,42.59478,141.28102,Forest,Ranidae,Rana,Rana pirica,RP,RP_8,Mar-20,Jun-20,2020,2020,3,7,34.5,14.5,Forest,Matsui et al. 2018; Haramura pers. comm.
Temperate,Japan,43.00234,141.18126,Open,Ranidae,Glandirana,Glandirana rugosa,GR,GR_1,May-20,Aug-20,2020,2020,5,9,39,32.5,Open,Matsui et al. 2018; Haramura pers. comm.
Temperate,Japan,43.00234,141.18126,Open,Ranidae,Glandirana,Glandirana rugosa,GR,GR_2,May-20,Aug-20,2020,2020,5,9,39.2,32.5,Open,Matsui et al. 2018; Haramura pers. comm.
Temperate,Japan,43.00234,141.18126,Open,Ranidae,Glandirana,Glandirana rugosa,GR,GR_3,May-20,Aug-20,2020,2020,5,9,39.7,32.5,Open,Matsui et al. 2018; Haramura pers. comm.
Temperate,Japan,43.00234,141.18126,Open,Ranidae,Glandirana,Glandirana rugosa,GR,GR_4,May-20,Aug-20,2020,2020,5,9,39.2,32.5,Open,Matsui et al. 2018; Haramura pers. comm.
Temperate,Japan,43.00234,141.18126,Open,Ranidae,Glandirana,Glandirana rugosa,GR,GR_5,May-20,Aug-20,2020,2020,5,9,39,32.5,Open,Matsui et al. 2018; Haramura pers. comm.
Temperate,Japan,43.00234,141.18126,Open,Ranidae,Glandirana,Glandirana rugosa,GR,GR_6,May-20,Aug-20,2020,2020,5,9,39.3,32.5,Open,Matsui et al. 2018; Haramura pers. comm.
Temperate,Japan,43.00234,141.18126,Open,Ranidae,Glandirana,Glandirana rugosa,GR,GR_7,May-20,Aug-20,2020,2020,5,9,39.6,32.5,Open,Matsui et al. 2018; Haramura pers. comm.
Temperate,Japan,43.00234,141.18126,Open,Ranidae,Glandirana,Glandirana rugosa,GR,GR_8,May-20,Aug-20,2020,2020,5,9,39.2,32.5,Open,Matsui et al. 2018; Haramura pers. comm.
Temperate,Japan,43.00234,141.18126,Open,Ranidae,Glandirana,Glandirana rugosa,GR,GR_9,May-20,Aug-20,2020,2020,5,9,38.7,32.5,Open,Matsui et al. 2018; Haramura pers. comm.
Temperate,Japan,43.00234,141.18126,Open,Ranidae,Glandirana,Glandirana rugosa,GR,GR_10,May-20,Aug-20,2020,2020,5,9,38.6,32.5,Open,Matsui et al. 2018; Haramura pers. comm.
Temperate,Korea,36.491206,127.196858,Forest,Bufonidae,Bufo,Bufo gargarizans,BG,BG_1,Mar-17,Apr-17,2017,2017,3,5,37.7,17.95,Forest edge,Yang et al. 2001; Ambu et al. 2022
Temperate,Korea,36.491206,127.196858,Forest,Bufonidae,Bufo,Bufo gargarizans,BG,BG_2,Mar-17,Apr-17,2017,2017,3,5,37.8,17.95,Forest edge,Yang et al. 2001; Ambu et al. 2022
Temperate,Korea,36.491206,127.196858,Forest,Bufonidae,Bufo,Bufo gargarizans,BG,BG_3,Mar-17,Apr-17,2017,2017,3,5,37.8,17.95,Forest edge,Yang et al. 2001; Ambu et al. 2022
Temperate,Korea,36.491206,127.196858,Forest,Bufonidae,Bufo,Bufo gargarizans,BG,BG_4,Mar-17,Apr-17,2017,2017,3,5,37.9,17.95,Forest edge,Yang et al. 2001; Ambu et al. 2022
Temperate,Korea,36.491206,127.196858,Forest,Bufonidae,Bufo,Bufo gargarizans,BG,BG_5,Mar-17,Apr-17,2017,2017,3,5,38,17.95,Forest edge,Yang et al. 2001; Ambu et al. 2022
Temperate,Korea,36.491206,127.196858,Forest,Bufonidae,Bufo,Bufo gargarizans,BG,BG_6,Mar-17,Apr-17,2017,2017,3,5,37.8,17.95,Forest edge,Yang et al. 2001; Ambu et al. 2022
Temperate,Korea,36.491206,127.196858,Forest,Bufonidae,Bufo,Bufo gargarizans,BG,BG_7,Mar-17,Apr-17,2017,2017,3,5,37.2,17.95,Forest edge,Yang et al. 2001; Ambu et al. 2022
Temperate,Korea,36.491206,127.196858,Forest,Bufonidae,Bufo,Bufo gargarizans,BG,BG_8,Mar-17,Apr-17,2017,2017,3,5,37.6,17.95,Forest edge,Yang et al. 2001; Ambu et al. 2022
Temperate,Korea,36.491206,127.196858,Forest,Bufonidae,Bufo,Bufo gargarizans,BG,BG_9,Mar-17,Apr-17,2017,2017,3,5,37.6,17.95,Forest edge,Yang et al. 2001; Ambu et al. 2022
Temperate,Korea,36.491206,127.196858,Forest,Bufonidae,Bufo,Bufo gargarizans,BG,BG_10,Mar-17,Apr-17,2017,2017,3,5,37.8,17.95,Forest edge,Yang et al. 2001; Ambu et al. 2022
Temperate,Korea,36.491206,127.196858,Forest,Bufonidae,Bufo,Bufo gargarizans,BG,BG_11,Mar-17,Apr-17,2017,2017,3,5,37.6,17.95,Forest edge,Yang et al. 2001; Ambu et al. 2022
Temperate,Korea,36.491206,127.196858,Forest,Bufonidae,Bufo,Bufo gargarizans,BG,BG_12,Mar-17,Apr-17,2017,2017,3,5,37.7,17.95,Forest edge,Yang et al. 2001; Ambu et al. 2022
Temperate,Korea,36.491206,127.196858,Forest,Bufonidae,Bufo,Bufo gargarizans,BG,BG_13,Mar-17,Apr-17,2017,2017,3,5,38.1,17.95,Forest edge,Yang et al. 2001; Ambu et al. 2022
Temperate,Korea,36.491206,127.196858,Forest,Bufonidae,Bufo,Bufo gargarizans,BG,BG_14,Mar-17,Apr-17,2017,2017,3,5,37.4,17.95,Forest edge,Yang et al. 2001; Ambu et al. 2022
Temperate,Korea,36.491206,127.196858,Forest,Bufonidae,Bufo,Bufo gargarizans,BG,BG_15,Mar-17,Apr-17,2017,2017,3,5,37.5,17.95,Forest edge,Yang et al. 2001; Ambu et al. 2022
Temperate,Korea,36.491206,127.196858,Forest,Bufonidae,Bufo,Bufo gargarizans,BG,BG_16,Mar-17,Apr-17,2017,2017,3,5,38.1,17.95,Forest edge,Yang et al. 2001; Ambu et al. 2022
Temperate,Korea,36.491206,127.196858,Forest,Bufonidae,Bufo,Bufo gargarizans,BG,BG_17,Mar-17,Apr-17,2017,2017,3,5,38.1,17.95,Forest edge,Yang et al. 2001; Ambu et al. 2022
Temperate,Korea,36.491206,127.196858,Forest,Bufonidae,Bufo,Bufo gargarizans,BG,BG_18,Mar-17,Apr-17,2017,2017,3,5,37.8,17.95,Forest edge,Yang et al. 2001; Ambu et al. 2022
Temperate,Korea,36.491206,127.196858,Forest,Bufonidae,Bufo,Bufo gargarizans,BG,BG_19,Mar-17,Apr-17,2017,2017,3,5,38.6,17.95,Forest edge,Yang et al. 2001; Ambu et al. 2022
Temperate,Korea,36.491206,127.196858,Forest,Bufonidae,Bufo,Bufo gargarizans,BG,BG_20,Mar-17,Apr-17,2017,2017,3,5,37.1,17.95,Forest edge,Yang et al. 2001; Ambu et al. 2022
Temperate,Korea,36.491206,127.196858,Forest,Bufonidae,Bufo,Bufo gargarizans,BG,BG_21,Mar-17,Apr-17,2017,2017,3,5,38.6,17.95,Forest edge,Yang et al. 2001; Ambu et al. 2022
Temperate,Korea,36.491206,127.196858,Forest,Bufonidae,Bufo,Bufo gargarizans,BG,BG_22,Mar-17,Apr-17,2017,2017,3,5,38.5,17.95,Forest edge,Yang et al. 2001; Ambu et al. 2022
Temperate,Korea,36.491206,127.196858,Forest,Bufonidae,Bufo,Bufo gargarizans,BG,BG_23,Mar-17,Apr-17,2017,2017,3,5,38.1,17.95,Forest edge,Yang et al. 2001; Ambu et al. 2022
Temperate,Korea,36.491206,127.196858,Forest,Bufonidae,Bufo,Bufo gargarizans,BG,BG_24,Mar-17,Apr-17,2017,2017,3,5,38.2,17.95,Forest edge,Yang et al. 2001; Ambu et al. 2022
Temperate,Korea,36.491206,127.196858,Forest,Bufonidae,Bufo,Bufo gargarizans,BG,BG_25,Mar-17,Apr-17,2017,2017,3,5,38.4,17.95,Forest edge,Yang et al. 2001; Ambu et al. 2022
Temperate,Korea,36.491206,127.196858,Forest,Bufonidae,Bufo,Bufo gargarizans,BG,BG_26,Mar-17,Apr-17,2017,2017,3,5,38.3,17.95,Forest edge,Yang et al. 2001; Ambu et al. 2022
Temperate,Korea,36.491206,127.196858,Forest,Bufonidae,Bufo,Bufo gargarizans,BG,BG_27,Mar-17,Apr-17,2017,2017,3,5,38.5,17.95,Forest edge,Yang et al. 2001; Ambu et al. 2022
Temperate,Korea,36.491206,127.196858,Forest,Bufonidae,Bufo,Bufo gargarizans,BG,BG_28,Mar-17,Apr-17,2017,2017,3,5,38.5,17.95,Forest edge,Yang et al. 2001; Ambu et al. 2022
Temperate,Korea,36.491206,127.196858,Forest,Bufonidae,Bufo,Bufo gargarizans,BG,BG_29,Mar-17,Apr-17,2017,2017,3,5,38.3,17.95,Forest edge,Yang et al. 2001; Ambu et al. 2022
Temperate,Korea,36.491206,127.196858,Forest,Bufonidae,Bufo,Bufo gargarizans,BG,BG_30,Mar-17,Apr-17,2017,2017,3,5,38.1,17.95,Forest edge,Yang et al. 2001; Ambu et al. 2022
Temperate,Korea,36.491206,127.196858,Forest,Bufonidae,Bufo,Bufo gargarizans,BG,BG_31,Mar-17,Apr-17,2017,2017,3,5,38,17.95,Forest edge,Yang et al. 2001; Ambu et al. 2022
Temperate,Korea,36.491206,127.196858,Forest,Bufonidae,Bufo,Bufo gargarizans,BG,BG_32,Mar-17,Apr-17,2017,2017,3,5,37.4,17.95,Forest edge,Yang et al. 2001; Ambu et al. 2022
Temperate,Korea,36.491206,127.196858,Forest,Bufonidae,Bufo,Bufo gargarizans,BG,BG_33,Mar-17,Apr-17,2017,2017,3,5,37.9,17.95,Forest edge,Yang et al. 2001; Ambu et al. 2022
Temperate,Korea,36.491206,127.196858,Forest,Bufonidae,Bufo,Bufo gargarizans,BG,BG_34,Mar-17,Apr-17,2017,2017,3,5,37.6,17.95,Forest edge,Yang et al. 2001; Ambu et al. 2022
Temperate,Korea,36.491206,127.196858,Forest,Bufonidae,Bufo,Bufo gargarizans,BG,BG_35,Mar-17,Apr-17,2017,2017,3,5,37.8,17.95,Forest edge,Yang et al. 2001; Ambu et al. 2022
Temperate,Korea,36.491206,127.196858,Forest,Bufonidae,Bufo,Bufo gargarizans,BG,BG_36,Mar-17,Apr-17,2017,2017,3,5,37.8,17.95,Forest edge,Yang et al. 2001; Ambu et al. 2022
Temperate,Korea,36.491206,127.196858,Forest,Bufonidae,Bufo,Bufo gargarizans,BG,BG_37,Mar-17,Apr-17,2017,2017,3,5,36.3,17.95,Forest edge,Yang et al. 2001; Ambu et al. 2022
Temperate,Korea,36.491206,127.196858,Forest,Bufonidae,Bufo,Bufo gargarizans,BG,BG_38,Mar-17,Apr-17,2017,2017,3,5,37.8,17.95,Forest edge,Yang et al. 2001; Ambu et al. 2022
Temperate,Korea,36.491206,127.196858,Forest,Bufonidae,Bufo,Bufo gargarizans,BG,BG_39,Mar-17,Apr-17,2017,2017,3,5,37.9,17.95,Forest edge,Yang et al. 2001; Ambu et al. 2022
Temperate,Korea,36.491206,127.196858,Forest,Bufonidae,Bufo,Bufo gargarizans,BG,BG_40,Mar-17,Apr-17,2017,2017,3,5,37.9,17.95,Forest edge,Yang et al. 2001; Ambu et al. 2022
Temperate,Korea,36.491206,127.196858,Forest,Bufonidae,Bufo,Bufo gargarizans,BG,BG_41,Mar-17,Apr-17,2017,2017,3,5,37.7,17.95,Forest edge,Yang et al. 2001; Ambu et al. 2022
Temperate,Korea,36.491206,127.196858,Forest,Bufonidae,Bufo,Bufo gargarizans,BG,BG_42,Mar-17,Apr-17,2017,2017,3,5,37.8,17.95,Forest edge,Yang et al. 2001; Ambu et al. 2022
Temperate,Korea,36.491206,127.196858,Forest,Bufonidae,Bufo,Bufo gargarizans,BG,BG_43,Mar-17,Apr-17,2017,2017,3,5,39.4,17.95,Forest edge,Yang et al. 2001; Ambu et al. 2022
Temperate,Korea,36.491206,127.196858,Forest,Bufonidae,Bufo,Bufo gargarizans,BG,BG_44,Mar-17,Apr-17,2017,2017,3,5,38.8,17.95,Forest edge,Yang et al. 2001; Ambu et al. 2022
Temperate,Korea,36.491206,127.196858,Forest,Bufonidae,Bufo,Bufo gargarizans,BG,BG_45,Mar-17,Apr-17,2017,2017,3,5,39.3,17.95,Forest edge,Yang et al. 2001; Ambu et al. 2022
Temperate,Korea,36.491206,127.196858,Forest,Bufonidae,Bufo,Bufo gargarizans,BG,BG_46,Mar-17,Apr-17,2017,2017,3,5,39.3,17.95,Forest edge,Yang et al. 2001; Ambu et al. 2022
Temperate,Korea,36.491206,127.196858,Forest,Bufonidae,Bufo,Bufo gargarizans,BG,BG_47,Mar-17,Apr-17,2017,2017,3,5,39.2,17.95,Forest edge,Yang et al. 2001; Ambu et al. 2022
Temperate,Korea,36.491206,127.196858,Forest,Bufonidae,Bufo,Bufo gargarizans,BG,BG_48,Mar-17,Apr-17,2017,2017,3,5,39.3,17.95,Forest edge,Yang et al. 2001; Ambu et al. 2022
Temperate,Korea,36.718147,126.618332,Forest,Ranidae,Rana,Rana coreana,RC,RC_1,Mar-17,Apr-17,2017,2017,3,5,39,16.99,Generalist,Yang et al. 2001; Ambu et al. 2022
Temperate,Korea,36.718147,126.618332,Forest,Ranidae,Rana,Rana coreana,RC,RC_2,Mar-17,Apr-17,2017,2017,3,5,37.2,16.99,Generalist,Yang et al. 2001; Ambu et al. 2022
Temperate,Korea,36.718147,126.618332,Forest,Ranidae,Rana,Rana coreana,RC,RC_3,Mar-17,Apr-17,2017,2017,3,5,35.8,16.99,Generalist,Yang et al. 2001; Ambu et al. 2022
Temperate,Korea,36.718147,126.618332,Forest,Ranidae,Rana,Rana coreana,RC,RC_4,Mar-17,Apr-17,2017,2017,3,5,39.5,16.99,Generalist,Yang et al. 2001; Ambu et al. 2022
Temperate,Korea,36.718147,126.618332,Forest,Ranidae,Rana,Rana coreana,RC,RC_5,Mar-17,Apr-17,2017,2017,3,5,39.4,16.99,Generalist,Yang et al. 2001; Ambu et al. 2022
Temperate,Korea,36.718147,126.618332,Forest,Ranidae,Rana,Rana coreana,RC,RC_6,Mar-17,Apr-17,2017,2017,3,5,38.6,16.99,Generalist,Yang et al. 2001; Ambu et al. 2022
Temperate,Korea,36.718147,126.618332,Forest,Ranidae,Rana,Rana coreana,RC,RC_7,Mar-17,Apr-17,2017,2017,3,5,35.2,16.99,Generalist,Yang et al. 2001; Ambu et al. 2022
Temperate,Korea,36.718147,126.618332,Forest,Ranidae,Rana,Rana coreana,RC,RC_8,Mar-17,Apr-17,2017,2017,3,5,33.3,16.99,Generalist,Yang et al. 2001; Ambu et al. 2022
Temperate,Korea,36.718147,126.618332,Forest,Ranidae,Rana,Rana coreana,RC,RC_9,Mar-17,Apr-17,2017,2017,3,5,34.8,16.99,Generalist,Yang et al. 2001; Ambu et al. 2022
Temperate,Korea,36.718147,126.618332,Forest,Ranidae,Rana,Rana coreana,RC,RC_10,Mar-17,Apr-17,2017,2017,3,5,34.8,16.99,Generalist,Yang et al. 2001; Ambu et al. 2022
Temperate,Korea,36.718147,126.618332,Forest,Ranidae,Rana,Rana coreana,RC,RC_11,Mar-17,Apr-17,2017,2017,3,5,35,16.99,Generalist,Yang et al. 2001; Ambu et al. 2022
Temperate,Korea,36.718147,126.618332,Forest,Ranidae,Rana,Rana coreana,RC,RC_12,Mar-17,Apr-17,2017,2017,3,5,34,16.99,Generalist,Yang et al. 2001; Ambu et al. 2022
Temperate,Korea,36.718147,126.618332,Forest,Ranidae,Rana,Rana coreana,RC,RC_13,Mar-17,Apr-17,2017,2017,3,5,35.6,16.99,Generalist,Yang et al. 2001; Ambu et al. 2022
Temperate,Korea,36.718147,126.618332,Forest,Ranidae,Rana,Rana coreana,RC,RC_14,Mar-17,Apr-17,2017,2017,3,5,35.6,16.99,Generalist,Yang et al. 2001; Ambu et al. 2022
Temperate,Korea,36.718147,126.618332,Forest,Ranidae,Rana,Rana coreana,RC,RC_15,Mar-17,Apr-17,2017,2017,3,5,35.2,16.99,Generalist,Yang et al. 2001; Ambu et al. 2022
Temperate,Korea,36.718147,126.618332,Forest,Ranidae,Rana,Rana coreana,RC,RC_16,Mar-17,Apr-17,2017,2017,3,5,36.5,16.99,Generalist,Yang et al. 2001; Ambu et al. 2022
Temperate,Korea,36.718147,126.618332,Forest,Ranidae,Rana,Rana coreana,RC,RC_17,Mar-17,Apr-17,2017,2017,3,5,35.1,16.99,Generalist,Yang et al. 2001; Ambu et al. 2022
Temperate,Korea,36.718147,126.618332,Forest,Ranidae,Rana,Rana coreana,RC,RC_18,Mar-17,Apr-17,2017,2017,3,5,36.7,16.99,Generalist,Yang et al. 2001; Ambu et al. 2022
Temperate,Korea,36.718147,126.618332,Forest,Ranidae,Rana,Rana coreana,RC,RC_19,Mar-17,Apr-17,2017,2017,3,5,35.8,16.99,Generalist,Yang et al. 2001; Ambu et al. 2022
Temperate,Korea,36.718147,126.618332,Forest,Ranidae,Rana,Rana coreana,RC,RC_20,Mar-17,Apr-17,2017,2017,3,5,37.1,16.99,Generalist,Yang et al. 2001; Ambu et al. 2022
Temperate,Korea,36.718147,126.618332,Forest,Ranidae,Rana,Rana coreana,RC,RC_21,Mar-17,Apr-17,2017,2017,3,5,36.9,16.99,Generalist,Yang et al. 2001; Ambu et al. 2022
Temperate,Korea,36.718147,126.618332,Forest,Ranidae,Rana,Rana coreana,RC,RC_22,Mar-17,Apr-17,2017,2017,3,5,37.7,16.99,Generalist,Yang et al. 2001; Ambu et al. 2022
Temperate,Korea,36.718147,126.618332,Forest,Ranidae,Rana,Rana coreana,RC,RC_23,Mar-17,Apr-17,2017,2017,3,5,37.5,16.99,Generalist,Yang et al. 2001; Ambu et al. 2022
Temperate,Korea,36.718147,126.618332,Forest,Ranidae,Rana,Rana coreana,RC,RC_24,Mar-17,Apr-17,2017,2017,3,5,38.2,16.99,Generalist,Yang et al. 2001; Ambu et al. 2022
Temperate,Korea,36.718147,126.618332,Forest,Ranidae,Rana,Rana coreana,RC,RC_25,Mar-17,Apr-17,2017,2017,3,5,36.4,16.99,Generalist,Yang et al. 2001; Ambu et al. 2022
Temperate,Korea,36.718147,126.618332,Forest,Ranidae,Rana,Rana coreana,RC,RC_26,Mar-17,Apr-17,2017,2017,3,5,36.7,16.99,Generalist,Yang et al. 2001; Ambu et al. 2022
Temperate,Korea,36.718147,126.618332,Forest,Ranidae,Rana,Rana coreana,RC,RC_27,Mar-17,Apr-17,2017,2017,3,5,36.1,16.99,Generalist,Yang et al. 2001; Ambu et al. 2022
Temperate,Korea,36.718147,126.618332,Forest,Ranidae,Rana,Rana coreana,RC,RC_28,Mar-17,Apr-17,2017,2017,3,5,35.3,16.99,Generalist,Yang et al. 2001; Ambu et al. 2022
Temperate,Korea,36.718147,126.618332,Forest,Ranidae,Rana,Rana coreana,RC,RC_29,Mar-17,Apr-17,2017,2017,3,5,36.8,16.99,Generalist,Yang et al. 2001; Ambu et al. 2022
Temperate,Korea,36.718147,126.618332,Forest,Ranidae,Rana,Rana coreana,RC,RC_30,Mar-17,Apr-17,2017,2017,3,5,36.6,16.99,Generalist,Yang et al. 2001; Ambu et al. 2022
Temperate,Korea,36.718147,126.618332,Forest,Ranidae,Rana,Rana coreana,RC,RC_31,Mar-17,Apr-17,2017,2017,3,5,35.3,16.99,Generalist,Yang et al. 2001; Ambu et al. 2022
Temperate,Korea,36.718147,126.618332,Forest,Ranidae,Rana,Rana coreana,RC,RC_32,Mar-17,Apr-17,2017,2017,3,5,32.9,16.99,Generalist,Yang et al. 2001; Ambu et al. 2022
Temperate,Korea,36.718147,126.618332,Forest,Ranidae,Rana,Rana coreana,RC,RC_33,Mar-17,Apr-17,2017,2017,3,5,35,16.99,Generalist,Yang et al. 2001; Ambu et al. 2022
Temperate,Korea,36.718147,126.618332,Forest,Ranidae,Rana,Rana coreana,RC,RC_34,Mar-17,Apr-17,2017,2017,3,5,37,16.99,Generalist,Yang et al. 2001; Ambu et al. 2022
Temperate,Korea,36.718147,126.618332,Forest,Ranidae,Rana,Rana coreana,RC,RC_35,Mar-17,Apr-17,2017,2017,3,5,35.9,16.99,Generalist,Yang et al. 2001; Ambu et al. 2022
Temperate,Korea,36.718147,126.618332,Forest,Ranidae,Rana,Rana coreana,RC,RC_36,Mar-17,Apr-17,2017,2017,3,5,36.5,16.99,Generalist,Yang et al. 2001; Ambu et al. 2022
Temperate,Korea,36.718147,126.618332,Forest,Ranidae,Rana,Rana coreana,RC,RC_37,Mar-17,Apr-17,2017,2017,3,5,31.6,16.99,Generalist,Yang et al. 2001; Ambu et al. 2022
Temperate,Korea,36.718147,126.618332,Forest,Ranidae,Rana,Rana coreana,RC,RC_38,Mar-17,Apr-17,2017,2017,3,5,35.7,16.99,Generalist,Yang et al. 2001; Ambu et al. 2022
Temperate,Korea,36.718147,126.618332,Forest,Ranidae,Rana,Rana coreana,RC,RC_39,Mar-17,Apr-17,2017,2017,3,5,35.3,16.99,Generalist,Yang et al. 2001; Ambu et al. 2022
Temperate,Korea,36.718147,126.618332,Forest,Ranidae,Rana,Rana coreana,RC,RC_40,Mar-17,Apr-17,2017,2017,3,5,34.8,16.99,Generalist,Yang et al. 2001; Ambu et al. 2022
Temperate,Korea,36.718147,126.618332,Forest,Ranidae,Rana,Rana coreana,RC,RC_41,Mar-17,Apr-17,2017,2017,3,5,35.1,16.99,Generalist,Yang et al. 2001; Ambu et al. 2022
Temperate,Korea,36.718147,126.618332,Forest,Ranidae,Rana,Rana coreana,RC,RC_42,Mar-17,Apr-17,2017,2017,3,5,35.2,16.99,Generalist,Yang et al. 2001; Ambu et al. 2022
Temperate,Korea,37.52123,126.8803,Open,Microhylidae,Kaloula,Kaloula borealis,KBO,KBO_1,Jul-17,Jul-17,2017,2017,7,8,42.5,36.84,Open,Yang et al. 2001; Jung et al. 2013
Temperate,Korea,37.52123,126.8803,Open,Microhylidae,Kaloula,Kaloula borealis,KBO,KBO_2,Jul-17,Jul-17,2017,2017,7,8,42.4,36.84,Open,Yang et al. 2001; Jung et al. 2013
Temperate,Korea,37.52123,126.8803,Open,Microhylidae,Kaloula,Kaloula borealis,KBO,KBO_3,Jul-17,Jul-17,2017,2017,7,8,43,36.84,Open,Yang et al. 2001; Jung et al. 2013
Temperate,Korea,37.52123,126.8803,Open,Microhylidae,Kaloula,Kaloula borealis,KBO,KBO_4,Jul-17,Jul-17,2017,2017,7,8,42.7,36.84,Open,Yang et al. 2001; Jung et al. 2013
Temperate,Korea,37.52123,126.8803,Open,Microhylidae,Kaloula,Kaloula borealis,KBO,KBO_5,Jul-17,Jul-17,2017,2017,7,8,42.4,36.84,Open,Yang et al. 2001; Jung et al. 2013
Temperate,Korea,37.52123,126.8803,Open,Microhylidae,Kaloula,Kaloula borealis,KBO,KBO_6,Jul-17,Jul-17,2017,2017,7,8,42.9,36.84,Open,Yang et al. 2001; Jung et al. 2013
Temperate,Korea,36.88722,126.9361,Open,Microhylidae,Kaloula,Pelophylax nigromaculatus,PN,PN_1,May-17,Jun-17,2017,2017,5,7,41.8,32.5,Open,Yang et al. 2001; Yoo et al. 2019
Temperate,Korea,36.88722,126.9361,Open,Microhylidae,Kaloula,Pelophylax nigromaculatus,PN,PN_2,May-17,Jun-17,2017,2017,5,7,41.5,32.5,Open,Yang et al. 2001; Yoo et al. 2019
Temperate,Korea,36.88722,126.9361,Open,Microhylidae,Kaloula,Pelophylax nigromaculatus,PN,PN_3,May-17,Jun-17,2017,2017,5,7,42.1,32.5,Open,Yang et al. 2001; Yoo et al. 2019
Temperate,Korea,36.88722,126.9361,Open,Microhylidae,Kaloula,Pelophylax nigromaculatus,PN,PN_4,May-17,Jun-17,2017,2017,5,7,37.7,32.5,Open,Yang et al. 2001; Yoo et al. 2019
Temperate,Korea,36.88722,126.9361,Open,Microhylidae,Kaloula,Pelophylax nigromaculatus,PN,PN_5,May-17,Jun-17,2017,2017,5,7,42.3,32.5,Open,Yang et al. 2001; Yoo et al. 2019
Temperate,Korea,36.88722,126.9361,Open,Microhylidae,Kaloula,Pelophylax nigromaculatus,PN,PN_6,May-17,Jun-17,2017,2017,5,7,32.7,32.5,Open,Yang et al. 2001; Yoo et al. 2019
Temperate,Korea,36.88722,126.9361,Open,Microhylidae,Kaloula,Pelophylax nigromaculatus,PN,PN_7,May-17,Jun-17,2017,2017,5,7,36,32.5,Open,Yang et al. 2001; Yoo et al. 2019
Temperate,Korea,36.88722,126.9361,Open,Microhylidae,Kaloula,Pelophylax nigromaculatus,PN,PN_8,May-17,Jun-17,2017,2017,5,7,41.9,32.5,Open,Yang et al. 2001; Yoo et al. 2019
Temperate,Korea,37.83209,127.5577,Open,Ranidae,Glandirana,Glandirana emeljanovi,GE,GE_1,Mar-17,May-17,2017,2017,3,6,40.3,29.05,Generalist,Yang et al. 2001
Temperate,Korea,37.83209,127.5577,Open,Ranidae,Glandirana,Glandirana emeljanovi,GE,GE_2,Mar-17,May-17,2017,2017,3,6,36.9,29.05,Generalist,Yang et al. 2001
Temperate,Korea,37.83209,127.5577,Open,Ranidae,Glandirana,Glandirana emeljanovi,GE,GE_3,Mar-17,May-17,2017,2017,3,6,38.3,29.05,Generalist,Yang et al. 2001
Temperate,Korea,37.83209,127.5577,Open,Ranidae,Glandirana,Glandirana emeljanovi,GE,GE_4,Mar-17,May-17,2017,2017,3,6,35.9,29.05,Generalist,Yang et al. 2001
Temperate,Korea,37.83209,127.5577,Open,Ranidae,Glandirana,Glandirana emeljanovi,GE,GE_5,Mar-17,May-17,2017,2017,3,6,37.8,29.05,Generalist,Yang et al. 2001
Temperate,Korea,37.83209,127.5577,Open,Ranidae,Glandirana,Glandirana emeljanovi,GE,GE_6,Mar-17,May-17,2017,2017,3,6,39.6,29.05,Generalist,Yang et al. 2001
Temperate,Korea,37.83209,127.5577,Open,Ranidae,Glandirana,Glandirana emeljanovi,GE,GE_7,Mar-17,May-17,2017,2017,3,6,36.4,29.05,Generalist,Yang et al. 2001
Temperate,Korea,37.83209,127.5577,Open,Ranidae,Glandirana,Glandirana emeljanovi,GE,GE_8,Mar-17,May-17,2017,2017,3,6,38.1,29.05,Generalist,Yang et al. 2001
Temperate,Korea,37.83209,127.5577,Open,Ranidae,Glandirana,Glandirana emeljanovi,GE,GE_9,Mar-17,May-17,2017,2017,3,6,38,29.05,Generalist,Yang et al. 2001
Temperate,Korea,37.83209,127.5577,Open,Ranidae,Glandirana,Glandirana emeljanovi,GE,GE_10,Mar-17,May-17,2017,2017,3,6,38,29.05,Generalist,Yang et al. 2001
Temperate,Korea,37.83209,127.5577,Open,Ranidae,Glandirana,Glandirana emeljanovi,GE,GE_11,Mar-17,May-17,2017,2017,3,6,37.9,29.05,Generalist,Yang et al. 2001
Temperate,Korea,37.83209,127.5577,Open,Ranidae,Glandirana,Glandirana emeljanovi,GE,GE_12,Mar-17,May-17,2017,2017,3,6,36.6,29.05,Generalist,Yang et al. 2001
Temperate,Korea,37.83209,127.5577,Open,Ranidae,Glandirana,Glandirana emeljanovi,GE,GE_13,Mar-17,May-17,2017,2017,3,6,38.3,29.05,Generalist,Yang et al. 2001
Temperate,Korea,37.83209,127.5577,Open,Ranidae,Glandirana,Glandirana emeljanovi,GE,GE_14,Mar-17,May-17,2017,2017,3,6,40.6,29.05,Generalist,Yang et al. 2001
Temperate,Korea,37.83209,127.5577,Open,Ranidae,Glandirana,Glandirana emeljanovi,GE,GE_15,Mar-17,May-17,2017,2017,3,6,38.1,29.05,Generalist,Yang et al. 2001
Temperate,Korea,37.83209,127.5577,Open,Ranidae,Glandirana,Glandirana emeljanovi,GE,GE_16,Mar-17,May-17,2017,2017,3,6,37.6,29.05,Generalist,Yang et al. 2001
Temperate,Korea,37.83209,127.5577,Open,Ranidae,Glandirana,Glandirana emeljanovi,GE,GE_17,Mar-17,May-17,2017,2017,3,6,38.1,29.05,Generalist,Yang et al. 2001
Temperate,Korea,37.83209,127.5577,Open,Ranidae,Glandirana,Glandirana emeljanovi,GE,GE_18,Mar-17,May-17,2017,2017,3,6,38,29.05,Generalist,Yang et al. 2001
Temperate,Korea,37.83209,127.5577,Open,Ranidae,Glandirana,Glandirana emeljanovi,GE,GE_19,Mar-17,May-17,2017,2017,3,6,37.1,29.05,Generalist,Yang et al. 2001
Temperate,Korea,37.83209,127.5577,Open,Ranidae,Glandirana,Glandirana emeljanovi,GE,GE_20,Mar-17,May-17,2017,2017,3,6,37,29.05,Generalist,Yang et al. 2001
Temperate,Korea,37.83209,127.5577,Open,Ranidae,Glandirana,Glandirana emeljanovi,GE,GE_21,Mar-17,May-17,2017,2017,3,6,38.1,29.05,Generalist,Yang et al. 2001
Temperate,Korea,37.83209,127.5577,Open,Ranidae,Glandirana,Glandirana emeljanovi,GE,GE_22,Mar-17,May-17,2017,2017,3,6,39.8,29.05,Generalist,Yang et al. 2001
Temperate,Korea,37.83209,127.5577,Open,Ranidae,Glandirana,Glandirana emeljanovi,GE,GE_23,Mar-17,May-17,2017,2017,3,6,38.9,29.05,Generalist,Yang et al. 2001
Temperate,Korea,37.83209,127.5577,Open,Ranidae,Glandirana,Glandirana emeljanovi,GE,GE_24,Mar-17,May-17,2017,2017,3,6,37.2,29.05,Generalist,Yang et al. 2001
Temperate,Korea,37.83209,127.5577,Open,Ranidae,Glandirana,Glandirana emeljanovi,GE,GE_25,Mar-17,May-17,2017,2017,3,6,38.6,29.05,Generalist,Yang et al. 2001
Temperate,Korea,37.83209,127.5577,Open,Ranidae,Glandirana,Glandirana emeljanovi,GE,GE_26,Mar-17,May-17,2017,2017,3,6,38.9,29.05,Generalist,Yang et al. 2001
Temperate,Korea,37.83209,127.5577,Open,Ranidae,Glandirana,Glandirana emeljanovi,GE,GE_27,Mar-17,May-17,2017,2017,3,6,38.5,29.05,Generalist,Yang et al. 2001
Temperate,Korea,37.83209,127.5577,Open,Ranidae,Glandirana,Glandirana emeljanovi,GE,GE_28,Mar-17,May-17,2017,2017,3,6,38,29.05,Generalist,Yang et al. 2001
Temperate,Korea,37.83209,127.5577,Open,Ranidae,Glandirana,Glandirana emeljanovi,GE,GE_29,Mar-17,May-17,2017,2017,3,6,38.4,29.05,Generalist,Yang et al. 2001
Temperate,Korea,37.83209,127.5577,Open,Ranidae,Glandirana,Glandirana emeljanovi,GE,GE_30,Mar-17,May-17,2017,2017,3,6,38.1,29.05,Generalist,Yang et al. 2001
Temperate,Korea,36.812702,128.053826,Forest,Bombinatoridae,Bombina,Bombina orientalis,BO,BO_1,Jun-17,Aug-17,2017,2017,6,9,40.4,23.29,Forest edge,Yang et al. 2001
Temperate,Korea,36.812702,128.053826,Forest,Bombinatoridae,Bombina,Bombina orientalis,BO,BO_2,Jun-17,Aug-17,2017,2017,6,9,40.1,23.29,Forest edge,Yang et al. 2001
Temperate,Korea,36.812702,128.053826,Forest,Bombinatoridae,Bombina,Bombina orientalis,BO,BO_3,Jun-17,Aug-17,2017,2017,6,9,40.7,23.29,Forest edge,Yang et al. 2001
Temperate,Korea,36.812702,128.053826,Forest,Bombinatoridae,Bombina,Bombina orientalis,BO,BO_4,Jun-17,Aug-17,2017,2017,6,9,41,23.29,Forest edge,Yang et al. 2001
Temperate,Korea,36.812702,128.053826,Forest,Bombinatoridae,Bombina,Bombina orientalis,BO,BO_5,Jun-17,Aug-17,2017,2017,6,9,40.8,23.29,Forest edge,Yang et al. 2001
Temperate,Korea,36.812702,128.053826,Forest,Bombinatoridae,Bombina,Bombina orientalis,BO,BO_6,Jun-17,Aug-17,2017,2017,6,9,41,23.29,Forest edge,Yang et al. 2001
Temperate,Korea,36.812702,128.053826,Forest,Bombinatoridae,Bombina,Bombina orientalis,BO,BO_7,Jun-17,Aug-17,2017,2017,6,9,38.6,23.29,Forest edge,Yang et al. 2001
Temperate,Korea,36.812702,128.053826,Forest,Bombinatoridae,Bombina,Bombina orientalis,BO,BO_8,Jun-17,Aug-17,2017,2017,6,9,40.4,23.29,Forest edge,Yang et al. 2001
Temperate,Korea,36.812702,128.053826,Forest,Bombinatoridae,Bombina,Bombina orientalis,BO,BO_9,Jun-17,Aug-17,2017,2017,6,9,40.7,23.29,Forest edge,Yang et al. 2001
Temperate,Korea,36.812702,128.053826,Forest,Bombinatoridae,Bombina,Bombina orientalis,BO,BO_10,Jun-17,Aug-17,2017,2017,6,9,40.4,23.29,Forest edge,Yang et al. 2001
Temperate,Korea,36.812702,128.053826,Forest,Bombinatoridae,Bombina,Bombina orientalis,BO,BO_11,Jun-17,Aug-17,2017,2017,6,9,40.4,23.29,Forest edge,Yang et al. 2001
Temperate,Korea,36.812702,128.053826,Forest,Bombinatoridae,Bombina,Bombina orientalis,BO,BO_12,Jun-17,Aug-17,2017,2017,6,9,40.3,23.29,Forest edge,Yang et al. 2001
Temperate,Korea,36.812702,128.053826,Forest,Bombinatoridae,Bombina,Bombina orientalis,BO,BO_13,Jun-17,Aug-17,2017,2017,6,9,38.4,23.29,Forest edge,Yang et al. 2001
Temperate,Korea,36.812702,128.053826,Forest,Bombinatoridae,Bombina,Bombina orientalis,BO,BO_14,Jun-17,Aug-17,2017,2017,6,9,39.2,23.29,Forest edge,Yang et al. 2001
Temperate,Korea,36.812702,128.053826,Forest,Bombinatoridae,Bombina,Bombina orientalis,BO,BO_15,Jun-17,Aug-17,2017,2017,6,9,39.3,23.29,Forest edge,Yang et al. 2001
Temperate,Korea,36.812702,128.053826,Forest,Bombinatoridae,Bombina,Bombina orientalis,BO,BO_16,Jun-17,Aug-17,2017,2017,6,9,39.3,23.29,Forest edge,Yang et al. 2001
Temperate,Korea,36.812702,128.053826,Forest,Bombinatoridae,Bombina,Bombina orientalis,BO,BO_17,Jun-17,Aug-17,2017,2017,6,9,39.6,23.29,Forest edge,Yang et al. 2001
Temperate,Korea,36.812702,128.053826,Forest,Bombinatoridae,Bombina,Bombina orientalis,BO,BO_18,Jun-17,Aug-17,2017,2017,6,9,39.8,23.29,Forest edge,Yang et al. 2001
Temperate,Korea,36.812702,128.053826,Forest,Bombinatoridae,Bombina,Bombina orientalis,BO,BO_19,Jun-17,Aug-17,2017,2017,6,9,39.3,23.29,Forest edge,Yang et al. 2001
Temperate,Korea,36.812702,128.053826,Forest,Bombinatoridae,Bombina,Bombina orientalis,BO,BO_20,Jun-17,Aug-17,2017,2017,6,9,39.9,23.29,Forest edge,Yang et al. 2001
Temperate,Korea,36.812702,128.053826,Forest,Bombinatoridae,Bombina,Bombina orientalis,BO,BO_21,Jun-17,Aug-17,2017,2017,6,9,39.4,23.29,Forest edge,Yang et al. 2001
Temperate,Korea,36.812702,128.053826,Forest,Bombinatoridae,Bombina,Bombina orientalis,BO,BO_22,Jun-17,Aug-17,2017,2017,6,9,40,23.29,Forest edge,Yang et al. 2001
Temperate,Korea,36.812702,128.053826,Forest,Bombinatoridae,Bombina,Bombina orientalis,BO,BO_23,Jun-17,Aug-17,2017,2017,6,9,40.5,23.29,Forest edge,Yang et al. 2001
Temperate,Korea,36.812702,128.053826,Forest,Bombinatoridae,Bombina,Bombina orientalis,BO,BO_24,Jun-17,Aug-17,2017,2017,6,9,40.5,23.29,Forest edge,Yang et al. 2001
Temperate,Korea,36.812702,128.053826,Forest,Bombinatoridae,Bombina,Bombina orientalis,BO,BO_25,Jun-17,Aug-17,2017,2017,6,9,39.3,23.29,Forest edge,Yang et al. 2001
Temperate,Korea,36.812702,128.053826,Forest,Bombinatoridae,Bombina,Bombina orientalis,BO,BO_26,Jun-17,Aug-17,2017,2017,6,9,39.5,23.29,Forest edge,Yang et al. 2001
Temperate,Korea,36.812702,128.053826,Forest,Bombinatoridae,Bombina,Bombina orientalis,BO,BO_27,Jun-17,Aug-17,2017,2017,6,9,39.5,23.29,Forest edge,Yang et al. 2001
Temperate,Korea,36.812702,128.053826,Forest,Bombinatoridae,Bombina,Bombina orientalis,BO,BO_28,Jun-17,Aug-17,2017,2017,6,9,40,23.29,Forest edge,Yang et al. 2001
Temperate,Korea,36.812702,128.053826,Forest,Bombinatoridae,Bombina,Bombina orientalis,BO,BO_29,Jun-17,Aug-17,2017,2017,6,9,39.5,23.29,Forest edge,Yang et al. 2001
Temperate,Korea,36.812702,128.053826,Forest,Bombinatoridae,Bombina,Bombina orientalis,BO,BO_30,Jun-17,Aug-17,2017,2017,6,9,40,23.29,Forest edge,Yang et al. 2001
Temperate,Korea,36.81188,128.0522,Forest,Ranidae,Rana,Rana uenoi,RU,RU_1,Jun-17,Aug-17,2017,2017,6,9,36.9,21.95,Generalist,Yang et al. 2001; Ambu et al. 2022
Temperate,Korea,36.81188,128.0522,Forest,Ranidae,Rana,Rana uenoi,RU,RU_2,Jun-17,Aug-17,2017,2017,6,9,37.8,21.95,Generalist,Yang et al. 2001; Ambu et al. 2022
Temperate,Korea,36.81188,128.0522,Forest,Ranidae,Rana,Rana uenoi,RU,RU_3,Jun-17,Aug-17,2017,2017,6,9,37.5,21.95,Generalist,Yang et al. 2001; Ambu et al. 2022
Temperate,Korea,36.81188,128.0522,Forest,Ranidae,Rana,Rana uenoi,RU,RU_4,Jun-17,Aug-17,2017,2017,6,9,37.9,21.95,Generalist,Yang et al. 2001; Ambu et al. 2022
Temperate,Korea,36.81188,128.0522,Forest,Ranidae,Rana,Rana uenoi,RU,RU_5,Jun-17,Aug-17,2017,2017,6,9,38.3,21.95,Generalist,Yang et al. 2001; Ambu et al. 2022
Temperate,Korea,36.81188,128.0522,Forest,Ranidae,Rana,Rana uenoi,RU,RU_6,Jun-17,Aug-17,2017,2017,6,9,38.4,21.95,Generalist,Yang et al. 2001; Ambu et al. 2022
Temperate,Korea,36.81188,128.0522,Forest,Ranidae,Rana,Rana uenoi,RU,RU_7,Jun-17,Aug-17,2017,2017,6,9,37.9,21.95,Generalist,Yang et al. 2001; Ambu et al. 2022
Temperate,Korea,36.81188,128.0522,Forest,Ranidae,Rana,Rana uenoi,RU,RU_8,Jun-17,Aug-17,2017,2017,6,9,38.3,21.95,Generalist,Yang et al. 2001; Ambu et al. 2022
Temperate,Korea,36.81188,128.0522,Forest,Ranidae,Rana,Rana uenoi,RU,RU_9,Jun-17,Aug-17,2017,2017,6,9,38.5,21.95,Generalist,Yang et al. 2001; Ambu et al. 2022
Temperate,Korea,36.81188,128.0522,Forest,Ranidae,Rana,Rana uenoi,RU,RU_10,Jun-17,Aug-17,2017,2017,6,9,38.8,21.95,Generalist,Yang et al. 2001; Ambu et al. 2022
Temperate,Korea,36.81188,128.0522,Forest,Ranidae,Rana,Rana uenoi,RU,RU_11,Jun-17,Aug-17,2017,2017,6,9,39.3,21.95,Generalist,Yang et al. 2001; Ambu et al. 2022
Temperate,Korea,36.81188,128.0522,Forest,Ranidae,Rana,Rana uenoi,RU,RU_12,Jun-17,Aug-17,2017,2017,6,9,39.1,21.95,Generalist,Yang et al. 2001; Ambu et al. 2022
Temperate,Korea,37.598865,126.892136,Open,Hylidae,Dryophytes,Dryophytes japonicus,DJ,DJ_1,Jun-17,Aug-17,2017,2017,6,9,40.3,32.5,Generalist,Yang et al. 2001; Roh et al. 2014
Temperate,Korea,37.598865,126.892136,Open,Hylidae,Dryophytes,Dryophytes japonicus,DJ,DJ_2,Jun-17,Aug-17,2017,2017,6,9,36.8,32.5,Generalist,Yang et al. 2001; Roh et al. 2014
Temperate,Korea,37.598865,126.892136,Open,Hylidae,Dryophytes,Dryophytes japonicus,DJ,DJ_3,Jun-17,Aug-17,2017,2017,6,9,40.1,32.5,Generalist,Yang et al. 2001; Roh et al. 2014
Temperate,Korea,37.598865,126.892136,Open,Hylidae,Dryophytes,Dryophytes japonicus,DJ,DJ_4,Jun-17,Aug-17,2017,2017,6,9,40.2,32.5,Generalist,Yang et al. 2001; Roh et al. 2014
Temperate,Korea,37.598865,126.892136,Open,Hylidae,Dryophytes,Dryophytes japonicus,DJ,DJ_5,Jun-17,Aug-17,2017,2017,6,9,40,32.5,Generalist,Yang et al. 2001; Roh et al. 2014
Temperate,Korea,37.598865,126.892136,Open,Hylidae,Dryophytes,Dryophytes japonicus,DJ,DJ_6,Jun-17,Aug-17,2017,2017,6,9,39.6,32.5,Generalist,Yang et al. 2001; Roh et al. 2014
Temperate,Korea,37.598865,126.892136,Open,Hylidae,Dryophytes,Dryophytes japonicus,DJ,DJ_7,Jun-17,Aug-17,2017,2017,6,9,42.2,32.5,Generalist,Yang et al. 2001; Roh et al. 2014
Temperate,Korea,37.598865,126.892136,Open,Hylidae,Dryophytes,Dryophytes japonicus,DJ,DJ_8,Jun-17,Aug-17,2017,2017,6,9,41.3,32.5,Generalist,Yang et al. 2001; Roh et al. 2014
Temperate,Korea,37.598865,126.892136,Open,Hylidae,Dryophytes,Dryophytes japonicus,DJ,DJ_9,Jun-17,Aug-17,2017,2017,6,9,38.5,32.5,Generalist,Yang et al. 2001; Roh et al. 2014
Temperate,Korea,37.598865,126.892136,Open,Hylidae,Dryophytes,Dryophytes japonicus,DJ,DJ_10,Jun-17,Aug-17,2017,2017,6,9,41.8,32.5,Generalist,Yang et al. 2001; Roh et al. 2014
Temperate,Korea,37.598865,126.892136,Open,Hylidae,Dryophytes,Dryophytes japonicus,DJ,DJ_11,Jun-17,Aug-17,2017,2017,6,9,42.5,32.5,Generalist,Yang et al. 2001; Roh et al. 2014
Temperate,Korea,37.598865,126.892136,Open,Hylidae,Dryophytes,Dryophytes japonicus,DJ,DJ_12,Jun-17,Aug-17,2017,2017,6,9,38.8,32.5,Generalist,Yang et al. 2001; Roh et al. 2014
Temperate,Korea,37.598865,126.892136,Open,Hylidae,Dryophytes,Dryophytes japonicus,DJ,DJ_13,Jun-17,Aug-17,2017,2017,6,9,42.6,32.5,Generalist,Yang et al. 2001; Roh et al. 2014
Temperate,Korea,37.598865,126.892136,Open,Hylidae,Dryophytes,Dryophytes japonicus,DJ,DJ_14,Jun-17,Aug-17,2017,2017,6,9,43.1,32.5,Generalist,Yang et al. 2001; Roh et al. 2014
Temperate,Korea,37.598865,126.892136,Open,Hylidae,Dryophytes,Dryophytes japonicus,DJ,DJ_15,Jun-17,Aug-17,2017,2017,6,9,41.7,32.5,Generalist,Yang et al. 2001; Roh et al. 2014
Temperate,Korea,37.598865,126.892136,Open,Hylidae,Dryophytes,Dryophytes japonicus,DJ,DJ_16,Jun-17,Aug-17,2017,2017,6,9,43.8,32.5,Generalist,Yang et al. 2001; Roh et al. 2014
Temperate,Korea,37.598865,126.892136,Open,Hylidae,Dryophytes,Dryophytes japonicus,DJ,DJ_17,Jun-17,Aug-17,2017,2017,6,9,43.5,32.5,Generalist,Yang et al. 2001; Roh et al. 2014
Temperate,Korea,37.598865,126.892136,Open,Hylidae,Dryophytes,Dryophytes japonicus,DJ,DJ_18,Jun-17,Aug-17,2017,2017,6,9,43.3,32.5,Generalist,Yang et al. 2001; Roh et al. 2014
Temperate,Korea,37.598865,126.892136,Open,Hylidae,Dryophytes,Dryophytes japonicus,DJ,DJ_19,Jun-17,Aug-17,2017,2017,6,9,39,32.5,Generalist,Yang et al. 2001; Roh et al. 2014
Temperate,Korea,37.598865,126.892136,Open,Hylidae,Dryophytes,Dryophytes japonicus,DJ,DJ_20,Jun-17,Aug-17,2017,2017,6,9,40.2,32.5,Generalist,Yang et al. 2001; Roh et al. 2014
Temperate,Korea,37.598865,126.892136,Open,Hylidae,Dryophytes,Dryophytes japonicus,DJ,DJ_21,Jun-17,Aug-17,2017,2017,6,9,40.5,32.5,Generalist,Yang et al. 2001; Roh et al. 2014
Temperate,Korea,37.598865,126.892136,Open,Hylidae,Dryophytes,Dryophytes japonicus,DJ,DJ_22,Jun-17,Aug-17,2017,2017,6,9,40.9,32.5,Generalist,Yang et al. 2001; Roh et al. 2014
Temperate,Korea,37.598865,126.892136,Open,Hylidae,Dryophytes,Dryophytes japonicus,DJ,DJ_23,Jun-17,Aug-17,2017,2017,6,9,41,32.5,Generalist,Yang et al. 2001; Roh et al. 2014
Temperate,Korea,37.598865,126.892136,Open,Hylidae,Dryophytes,Dryophytes japonicus,DJ,DJ_24,Jun-17,Aug-17,2017,2017,6,9,41.4,32.5,Generalist,Yang et al. 2001; Roh et al. 2014
Temperate,Korea,37.598865,126.892136,Open,Hylidae,Dryophytes,Dryophytes japonicus,DJ,DJ_25,Jun-17,Aug-17,2017,2017,6,9,41.2,32.5,Generalist,Yang et al. 2001; Roh et al. 2014
Temperate,Korea,37.598865,126.892136,Open,Hylidae,Dryophytes,Dryophytes japonicus,DJ,DJ_26,Jun-17,Aug-17,2017,2017,6,9,41.3,32.5,Generalist,Yang et al. 2001; Roh et al. 2014
Temperate,Korea,37.598865,126.892136,Open,Hylidae,Dryophytes,Dryophytes japonicus,DJ,DJ_27,Jun-17,Aug-17,2017,2017,6,9,41.3,32.5,Generalist,Yang et al. 2001; Roh et al. 2014
Temperate,Korea,37.598865,126.892136,Open,Hylidae,Dryophytes,Dryophytes japonicus,DJ,DJ_28,Jun-17,Aug-17,2017,2017,6,9,41.7,32.5,Generalist,Yang et al. 2001; Roh et al. 2014
Temperate,Korea,37.598865,126.892136,Open,Hylidae,Dryophytes,Dryophytes japonicus,DJ,DJ_29,Jun-17,Aug-17,2017,2017,6,9,41.9,32.5,Generalist,Yang et al. 2001; Roh et al. 2014
Temperate,Korea,37.598865,126.892136,Open,Hylidae,Dryophytes,Dryophytes japonicus,DJ,DJ_30,Jun-17,Aug-17,2017,2017,6,9,42,32.5,Generalist,Yang et al. 2001; Roh et al. 2014
Temperate,Korea,37.598865,126.892136,Open,Hylidae,Dryophytes,Dryophytes japonicus,DJ,DJ_31,Jun-17,Aug-17,2017,2017,6,9,40.2,32.5,Generalist,Yang et al. 2001; Roh et al. 2014
Temperate,Korea,37.598865,126.892136,Open,Hylidae,Dryophytes,Dryophytes japonicus,DJ,DJ_32,Jun-17,Aug-17,2017,2017,6,9,39.1,32.5,Generalist,Yang et al. 2001; Roh et al. 2014
Temperate,Korea,37.598865,126.892136,Open,Hylidae,Dryophytes,Dryophytes japonicus,DJ,DJ_33,Jun-17,Aug-17,2017,2017,6,9,40,32.5,Generalist,Yang et al. 2001; Roh et al. 2014
Temperate,Korea,37.598865,126.892136,Open,Hylidae,Dryophytes,Dryophytes japonicus,DJ,DJ_34,Jun-17,Aug-17,2017,2017,6,9,41.1,32.5,Generalist,Yang et al. 2001; Roh et al. 2014
Temperate,Korea,37.598865,126.892136,Open,Hylidae,Dryophytes,Dryophytes japonicus,DJ,DJ_35,Jun-17,Aug-17,2017,2017,6,9,40.5,32.5,Generalist,Yang et al. 2001; Roh et al. 2014
Temperate,Korea,37.598865,126.892136,Open,Hylidae,Dryophytes,Dryophytes japonicus,DJ,DJ_36,Jun-17,Aug-17,2017,2017,6,9,39.2,32.5,Generalist,Yang et al. 2001; Roh et al. 2014
Subtropics,Taiwan,23.91883,120.88269,Forest,Bufonidae,Bufo,Bufo bankorensis,BB,BB_1,Dec-14,Feb-15,2014,2015,12,15,37.5,18.79,Generalist,Huang et al. 1996
Subtropics,Taiwan,23.91883,120.88269,Forest,Bufonidae,Bufo,Bufo bankorensis,BB,BB_2,Dec-14,Feb-15,2014,2015,12,15,37.7,18.79,Generalist,Huang et al. 1996
Subtropics,Taiwan,23.91883,120.88269,Forest,Bufonidae,Bufo,Bufo bankorensis,BB,BB_3,Dec-14,Feb-15,2014,2015,12,15,37.8,18.79,Generalist,Huang et al. 1996
Subtropics,Taiwan,23.91883,120.88269,Forest,Bufonidae,Bufo,Bufo bankorensis,BB,BB_4,Dec-14,Feb-15,2014,2015,12,15,37.7,18.79,Generalist,Huang et al. 1996
Subtropics,Taiwan,23.91883,120.88269,Forest,Bufonidae,Bufo,Bufo bankorensis,BB,BB_5,Dec-14,Feb-15,2014,2015,12,15,37.8,18.79,Generalist,Huang et al. 1996
Subtropics,Taiwan,23.91883,120.88269,Forest,Bufonidae,Bufo,Bufo bankorensis,BB,BB_6,Dec-14,Feb-15,2014,2015,12,15,38,18.79,Generalist,Huang et al. 1996
Subtropics,Taiwan,23.91883,120.88269,Forest,Bufonidae,Bufo,Bufo bankorensis,BB,BB_7,Dec-14,Feb-15,2014,2015,12,15,37.9,18.79,Generalist,Huang et al. 1996
Subtropics,Taiwan,23.91883,120.88269,Forest,Bufonidae,Bufo,Bufo bankorensis,BB,BB_8,Dec-14,Feb-15,2014,2015,12,15,37.5,18.79,Generalist,Huang et al. 1996
Subtropics,Taiwan,23.91883,120.88269,Forest,Bufonidae,Bufo,Bufo bankorensis,BB,BB_9,Dec-14,Feb-15,2014,2015,12,15,37.8,18.79,Generalist,Huang et al. 1996
Subtropics,Taiwan,23.91883,120.88269,Forest,Bufonidae,Bufo,Bufo bankorensis,BB,BB_10,Dec-14,Feb-15,2014,2015,12,15,37.4,18.79,Generalist,Huang et al. 1996
Subtropics,Taiwan,23.91883,120.88269,Forest,Bufonidae,Bufo,Bufo bankorensis,BB,BB_11,Dec-14,Feb-15,2014,2015,12,15,36.9,18.79,Generalist,Huang et al. 1996
Subtropics,Taiwan,23.91883,120.88269,Forest,Bufonidae,Bufo,Bufo bankorensis,BB,BB_12,Dec-14,Feb-15,2014,2015,12,15,37.1,18.79,Generalist,Huang et al. 1996
Subtropics,Taiwan,23.91883,120.88269,Forest,Bufonidae,Bufo,Bufo bankorensis,BB,BB_13,Dec-14,Feb-15,2014,2015,12,15,37.1,18.79,Generalist,Huang et al. 1996
Subtropics,Taiwan,23.91883,120.88269,Forest,Bufonidae,Bufo,Bufo bankorensis,BB,BB_14,Dec-14,Feb-15,2014,2015,12,15,36.8,18.79,Generalist,Huang et al. 1996
Subtropics,Taiwan,23.91883,120.88269,Forest,Bufonidae,Bufo,Bufo bankorensis,BB,BB_15,Dec-14,Feb-15,2014,2015,12,15,38.1,18.79,Generalist,Huang et al. 1996
Subtropics,Taiwan,23.98788,121.1295,Forest,Ranidae,Odorrana,Odorrana swinhoana,OS,OS_1,Aug-14,Nov-14,2014,2014,8,12,35.1,23.55,Forest,Lai et al. 2007
Subtropics,Taiwan,23.98788,121.1295,Forest,Ranidae,Odorrana,Odorrana swinhoana,OS,OS_2,Aug-14,Nov-14,2014,2014,8,12,36.2,23.55,Forest,Lai et al. 2007
Subtropics,Taiwan,23.98788,121.1295,Forest,Ranidae,Odorrana,Odorrana swinhoana,OS,OS_3,Aug-14,Nov-14,2014,2014,8,12,35.9,23.55,Forest,Lai et al. 2007
Subtropics,Taiwan,23.98788,121.1295,Forest,Ranidae,Odorrana,Odorrana swinhoana,OS,OS_4,Aug-14,Nov-14,2014,2014,8,12,36.5,23.55,Forest,Lai et al. 2007
Subtropics,Taiwan,23.98788,121.1295,Forest,Ranidae,Odorrana,Odorrana swinhoana,OS,OS_5,Aug-14,Nov-14,2014,2014,8,12,35.1,23.55,Forest,Lai et al. 2007
Subtropics,Taiwan,23.98788,121.1295,Forest,Ranidae,Odorrana,Odorrana swinhoana,OS,OS_6,Aug-14,Nov-14,2014,2014,8,12,34.9,23.55,Forest,Lai et al. 2007
Subtropics,Taiwan,23.98788,121.1295,Forest,Ranidae,Odorrana,Odorrana swinhoana,OS,OS_7,Aug-14,Nov-14,2014,2014,8,12,34.8,23.55,Forest,Lai et al. 2007
Subtropics,Taiwan,23.98788,121.1295,Forest,Ranidae,Odorrana,Odorrana swinhoana,OS,OS_8,Aug-14,Nov-14,2014,2014,8,12,35.5,23.55,Forest,Lai et al. 2007
Subtropics,Taiwan,23.98788,121.1295,Forest,Ranidae,Odorrana,Odorrana swinhoana,OS,OS_9,Aug-14,Nov-14,2014,2014,8,12,35.5,23.55,Forest,Lai et al. 2007
Subtropics,Taiwan,23.98788,121.1295,Forest,Ranidae,Odorrana,Odorrana swinhoana,OS,OS_10,Aug-14,Nov-14,2014,2014,8,12,35.7,23.55,Forest,Lai et al. 2007
Subtropics,Taiwan,23.98788,121.1295,Forest,Ranidae,Odorrana,Odorrana swinhoana,OS,OS_11,Aug-14,Nov-14,2014,2014,8,12,36.2,23.55,Forest,Lai et al. 2007
Subtropics,Taiwan,23.98788,121.1295,Forest,Ranidae,Odorrana,Odorrana swinhoana,OS,OS_12,Aug-14,Nov-14,2014,2014,8,12,36,23.55,Forest,Lai et al. 2007
Subtropics,Taiwan,23.98788,121.1295,Forest,Ranidae,Odorrana,Odorrana swinhoana,OS,OS_13,Aug-14,Nov-14,2014,2014,8,12,35.1,23.55,Forest,Lai et al. 2007
Subtropics,Taiwan,23.98788,121.1295,Forest,Ranidae,Odorrana,Odorrana swinhoana,OS,OS_14,Aug-14,Nov-14,2014,2014,8,12,36.9,23.55,Forest,Lai et al. 2007
Subtropics,Taiwan,23.98788,121.1295,Forest,Ranidae,Odorrana,Odorrana swinhoana,OS,OS_15,Aug-14,Nov-14,2014,2014,8,12,35.5,23.55,Forest,Lai et al. 2007
Subtropics,Taiwan,23.98788,121.1295,Forest,Ranidae,Odorrana,Odorrana swinhoana,OS,OS_16,Aug-14,Nov-14,2014,2014,8,12,36.1,23.55,Forest,Lai et al. 2007
Subtropics,Taiwan,23.98788,121.1295,Forest,Ranidae,Odorrana,Odorrana swinhoana,OS,OS_17,Aug-14,Nov-14,2014,2014,8,12,36.4,23.55,Forest,Lai et al. 2007
Subtropics,Taiwan,23.98788,121.1295,Forest,Ranidae,Odorrana,Odorrana swinhoana,OS,OS_18,Aug-14,Nov-14,2014,2014,8,12,35.9,23.55,Forest,Lai et al. 2007
Subtropics,Taiwan,23.98788,121.1295,Forest,Ranidae,Odorrana,Odorrana swinhoana,OS,OS_19,Aug-14,Nov-14,2014,2014,8,12,36.1,23.55,Forest,Lai et al. 2007
Subtropics,Taiwan,23.98788,121.1295,Forest,Ranidae,Odorrana,Odorrana swinhoana,OS,OS_20,Aug-14,Nov-14,2014,2014,8,12,35.4,23.55,Forest,Lai et al. 2007
Subtropics,Taiwan,23.98788,121.1295,Forest,Ranidae,Odorrana,Odorrana swinhoana,OS,OS_21,Aug-14,Nov-14,2014,2014,8,12,35.8,23.55,Forest,Lai et al. 2007
Subtropics,Taiwan,23.98788,121.1295,Forest,Ranidae,Odorrana,Odorrana swinhoana,OS,OS_22,Aug-14,Nov-14,2014,2014,8,12,36.5,23.55,Forest,Lai et al. 2007
Subtropics,Taiwan,23.98788,121.1295,Forest,Ranidae,Odorrana,Odorrana swinhoana,OS,OS_23,Aug-14,Nov-14,2014,2014,8,12,36.2,23.55,Forest,Lai et al. 2007
Subtropics,Taiwan,23.98788,121.1295,Forest,Ranidae,Odorrana,Odorrana swinhoana,OS,OS_24,Aug-14,Nov-14,2014,2014,8,12,36,23.55,Forest,Lai et al. 2007
Subtropics,Taiwan,23.98788,121.1295,Forest,Ranidae,Odorrana,Odorrana swinhoana,OS,OS_25,Aug-14,Nov-14,2014,2014,8,12,36,23.55,Forest,Lai et al. 2007
Subtropics,Taiwan,23.98788,121.1295,Forest,Ranidae,Odorrana,Odorrana swinhoana,OS,OS_26,Aug-14,Nov-14,2014,2014,8,12,36,23.55,Forest,Lai et al. 2007
Subtropics,Taiwan,23.98788,121.1295,Forest,Ranidae,Odorrana,Odorrana swinhoana,OS,OS_27,Aug-14,Nov-14,2014,2014,8,12,35.8,23.55,Forest,Lai et al. 2007
Subtropics,Taiwan,23.98788,121.1295,Forest,Ranidae,Odorrana,Odorrana swinhoana,OS,OS_28,Aug-14,Nov-14,2014,2014,8,12,36.2,23.55,Forest,Lai et al. 2007
Subtropics,Taiwan,23.98788,121.1295,Forest,Ranidae,Odorrana,Odorrana swinhoana,OS,OS_29,Aug-14,Nov-14,2014,2014,8,12,36.3,23.55,Forest,Lai et al. 2007
Subtropics,Taiwan,23.98788,121.1295,Forest,Ranidae,Odorrana,Odorrana swinhoana,OS,OS_30,Aug-14,Nov-14,2014,2014,8,12,35.9,23.55,Forest,Lai et al. 2007
Subtropics,Taiwan,22.80307,121.0509,Forest,Rhacophoridae,Kurixalus,Kurixalus berylliniris,KBE,KBE_1,Dec-16,Mar-17,2016,2017,12,16,32.7,24.738,Forest,Wu et al. 2016
Subtropics,Taiwan,22.80307,121.0509,Forest,Rhacophoridae,Kurixalus,Kurixalus berylliniris,KBE,KBE_2,Dec-16,Mar-17,2016,2017,12,16,32.3,24.738,Forest,Wu et al. 2016
Subtropics,Taiwan,22.80307,121.0509,Forest,Rhacophoridae,Kurixalus,Kurixalus berylliniris,KBE,KBE_3,Dec-16,Mar-17,2016,2017,12,16,32.7,24.738,Forest,Wu et al. 2016
Subtropics,Taiwan,22.80307,121.0509,Forest,Rhacophoridae,Kurixalus,Kurixalus berylliniris,KBE,KBE_4,Dec-16,Mar-17,2016,2017,12,16,33.3,24.738,Forest,Wu et al. 2016
Subtropics,Taiwan,22.80307,121.0509,Forest,Rhacophoridae,Kurixalus,Kurixalus berylliniris,KBE,KBE_5,Dec-16,Mar-17,2016,2017,12,16,32.4,24.738,Forest,Wu et al. 2016
Subtropics,Taiwan,22.80307,121.0509,Forest,Rhacophoridae,Kurixalus,Kurixalus berylliniris,KBE,KBE_6,Dec-16,Mar-17,2016,2017,12,16,33.4,24.738,Forest,Wu et al. 2016
Subtropics,Taiwan,22.80307,121.0509,Forest,Rhacophoridae,Kurixalus,Kurixalus berylliniris,KBE,KBE_7,Dec-16,Mar-17,2016,2017,12,16,33.8,24.738,Forest,Wu et al. 2016
Subtropics,Taiwan,22.80307,121.0509,Forest,Rhacophoridae,Kurixalus,Kurixalus berylliniris,KBE,KBE_8,Dec-16,Mar-17,2016,2017,12,16,33.7,24.738,Forest,Wu et al. 2016
Subtropics,Taiwan,22.80307,121.0509,Forest,Rhacophoridae,Kurixalus,Kurixalus berylliniris,KBE,KBE_9,Dec-16,Mar-17,2016,2017,12,16,33.9,24.738,Forest,Wu et al. 2016
Subtropics,Taiwan,22.80307,121.0509,Forest,Rhacophoridae,Kurixalus,Kurixalus berylliniris,KBE,KBE_10,Dec-16,Mar-17,2016,2017,12,16,33.4,24.738,Forest,Wu et al. 2016
Subtropics,Taiwan,22.80307,121.0509,Forest,Rhacophoridae,Kurixalus,Kurixalus berylliniris,KBE,KBE_11,Dec-16,Mar-17,2016,2017,12,16,33.4,24.738,Forest,Wu et al. 2016
Subtropics,Taiwan,22.80307,121.0509,Forest,Rhacophoridae,Kurixalus,Kurixalus berylliniris,KBE,KBE_12,Dec-16,Mar-17,2016,2017,12,16,34.5,24.738,Forest,Wu et al. 2016
Subtropics,Taiwan,22.80307,121.0509,Forest,Rhacophoridae,Kurixalus,Kurixalus berylliniris,KBE,KBE_13,Dec-16,Mar-17,2016,2017,12,16,34.5,24.738,Forest,Wu et al. 2016
Subtropics,Taiwan,22.80307,121.0509,Forest,Rhacophoridae,Kurixalus,Kurixalus berylliniris,KBE,KBE_14,Dec-16,Mar-17,2016,2017,12,16,33.9,24.738,Forest,Wu et al. 2016
Subtropics,Taiwan,22.80307,121.0509,Forest,Rhacophoridae,Kurixalus,Kurixalus berylliniris,KBE,KBE_15,Dec-16,Mar-17,2016,2017,12,16,34.5,24.738,Forest,Wu et al. 2016
Subtropics,Taiwan,22.80307,121.0509,Forest,Rhacophoridae,Kurixalus,Kurixalus berylliniris,KBE,KBE_16,Dec-16,Mar-17,2016,2017,12,16,34.3,24.738,Forest,Wu et al. 2016
Subtropics,Taiwan,23.68964,120.79085,Forest,Rhacophoridae,Kurixalus,Kurixalus eiffingeri,KE,KE_1,Jul-14,Jul-14,2014,2014,7,8,31,25.006,Forest,Lin et al. 2008
Subtropics,Taiwan,23.68964,120.79085,Forest,Rhacophoridae,Kurixalus,Kurixalus eiffingeri,KE,KE_2,Jul-14,Jul-14,2014,2014,7,8,32,25.006,Forest,Lin et al. 2008
Subtropics,Taiwan,23.68964,120.79085,Forest,Rhacophoridae,Kurixalus,Kurixalus eiffingeri,KE,KE_3,Jul-14,Jul-14,2014,2014,7,8,29,25.006,Forest,Lin et al. 2008
Subtropics,Taiwan,23.68964,120.79085,Forest,Rhacophoridae,Kurixalus,Kurixalus eiffingeri,KE,KE_4,Jul-14,Jul-14,2014,2014,7,8,30,25.006,Forest,Lin et al. 2008
Subtropics,Taiwan,23.68964,120.79085,Forest,Rhacophoridae,Kurixalus,Kurixalus eiffingeri,KE,KE_5,Jul-14,Jul-14,2014,2014,7,8,29.5,25.006,Forest,Lin et al. 2008
Subtropics,Taiwan,23.68964,120.79085,Forest,Rhacophoridae,Kurixalus,Kurixalus eiffingeri,KE,KE_6,Jul-14,Jul-14,2014,2014,7,8,30,25.006,Forest,Lin et al. 2008
Subtropics,Taiwan,23.68964,120.79085,Forest,Rhacophoridae,Kurixalus,Kurixalus eiffingeri,KE,KE_7,Jul-14,Jul-14,2014,2014,7,8,32,25.006,Forest,Lin et al. 2008
Subtropics,Taiwan,23.68964,120.79085,Forest,Rhacophoridae,Kurixalus,Kurixalus eiffingeri,KE,KE_8,Jul-14,Jul-14,2014,2014,7,8,29.5,25.006,Forest,Lin et al. 2008
Subtropics,Taiwan,23.68964,120.79085,Forest,Rhacophoridae,Kurixalus,Kurixalus eiffingeri,KE,KE_9,Jul-14,Jul-14,2014,2014,7,8,31,25.006,Forest,Lin et al. 2008
Subtropics,Taiwan,23.68964,120.79085,Forest,Rhacophoridae,Kurixalus,Kurixalus eiffingeri,KE,KE_10,Jul-14,Jul-14,2014,2014,7,8,31,25.006,Forest,Lin et al. 2008
Subtropics,Taiwan,23.68964,120.79085,Forest,Rhacophoridae,Kurixalus,Kurixalus eiffingeri,KE,KE_11,Jul-14,Jul-14,2014,2014,7,8,30,25.006,Forest,Lin et al. 2008
Subtropics,Taiwan,23.68964,120.79085,Forest,Rhacophoridae,Kurixalus,Kurixalus eiffingeri,KE,KE_12,Jul-14,Jul-14,2014,2014,7,8,30,25.006,Forest,Lin et al. 2008
Subtropics,Taiwan,23.68964,120.79085,Forest,Rhacophoridae,Kurixalus,Kurixalus eiffingeri,KE,KE_13,Jul-14,Jul-14,2014,2014,7,8,34.4,25.006,Forest,Lin et al. 2008
Subtropics,Taiwan,23.68964,120.79085,Forest,Rhacophoridae,Kurixalus,Kurixalus eiffingeri,KE,KE_14,Jul-14,Jul-14,2014,2014,7,8,33.1,25.006,Forest,Lin et al. 2008
Subtropics,Taiwan,23.68964,120.79085,Forest,Rhacophoridae,Kurixalus,Kurixalus eiffingeri,KE,KE_15,Jul-14,Jul-14,2014,2014,7,8,33.3,25.006,Forest,Lin et al. 2008
Subtropics,Taiwan,23.8887,120.8912,Forest,Rhacophoridae,Polypedates,Polypedates braueri,PB,PB_1,Jun-15,Aug-15,2015,2015,6,9,40.5,26.774,Forest,Hsu et al. 2012
Subtropics,Taiwan,23.8887,120.8912,Forest,Rhacophoridae,Polypedates,Polypedates braueri,PB,PB_2,Jun-15,Aug-15,2015,2015,6,9,40.3,26.774,Forest,Hsu et al. 2012
Subtropics,Taiwan,23.8887,120.8912,Forest,Rhacophoridae,Polypedates,Polypedates braueri,PB,PB_3,Jun-15,Aug-15,2015,2015,6,9,40.6,26.774,Forest,Hsu et al. 2012
Subtropics,Taiwan,23.8887,120.8912,Forest,Rhacophoridae,Polypedates,Polypedates braueri,PB,PB_4,Jun-15,Aug-15,2015,2015,6,9,40,26.774,Forest,Hsu et al. 2012
Subtropics,Taiwan,23.8887,120.8912,Forest,Rhacophoridae,Polypedates,Polypedates braueri,PB,PB_5,Jun-15,Aug-15,2015,2015,6,9,39.7,26.774,Forest,Hsu et al. 2012
Subtropics,Taiwan,23.8887,120.8912,Forest,Rhacophoridae,Polypedates,Polypedates braueri,PB,PB_6,Jun-15,Aug-15,2015,2015,6,9,39.7,26.774,Forest,Hsu et al. 2012
Subtropics,Taiwan,23.8887,120.8912,Forest,Rhacophoridae,Polypedates,Polypedates braueri,PB,PB_7,Jun-15,Aug-15,2015,2015,6,9,40.7,26.774,Forest,Hsu et al. 2012
Subtropics,Taiwan,23.8887,120.8912,Forest,Rhacophoridae,Polypedates,Polypedates braueri,PB,PB_8,Jun-15,Aug-15,2015,2015,6,9,40,26.774,Forest,Hsu et al. 2012
Subtropics,Taiwan,23.8887,120.8912,Forest,Rhacophoridae,Polypedates,Polypedates braueri,PB,PB_9,Jun-15,Aug-15,2015,2015,6,9,40.1,26.774,Forest,Hsu et al. 2012
Subtropics,Taiwan,23.8887,120.8912,Forest,Rhacophoridae,Polypedates,Polypedates braueri,PB,PB_10,Jun-15,Aug-15,2015,2015,6,9,40,26.774,Forest,Hsu et al. 2012
Subtropics,Taiwan,23.8887,120.8912,Forest,Rhacophoridae,Polypedates,Polypedates braueri,PB,PB_11,Jun-15,Aug-15,2015,2015,6,9,40.3,26.774,Forest,Hsu et al. 2012
Subtropics,Taiwan,23.8887,120.8912,Forest,Rhacophoridae,Polypedates,Polypedates braueri,PB,PB_12,Jun-15,Aug-15,2015,2015,6,9,40.1,26.774,Forest,Hsu et al. 2012
Subtropics,Taiwan,23.8887,120.8912,Forest,Rhacophoridae,Zhangixalus,Zhangixalus moltrechti,ZM,ZM_1,Dec-14,Feb-15,2014,2015,12,15,37.5,24.17,Forest edge,Chang et al. 2014
Subtropics,Taiwan,23.8887,120.8912,Forest,Rhacophoridae,Zhangixalus,Zhangixalus moltrechti,ZM,ZM_2,Dec-14,Feb-15,2014,2015,12,15,38.2,24.17,Forest edge,Chang et al. 2014
Subtropics,Taiwan,23.8887,120.8912,Forest,Rhacophoridae,Zhangixalus,Zhangixalus moltrechti,ZM,ZM_3,Dec-14,Feb-15,2014,2015,12,15,37.8,24.17,Forest edge,Chang et al. 2014
Subtropics,Taiwan,23.8887,120.8912,Forest,Rhacophoridae,Zhangixalus,Zhangixalus moltrechti,ZM,ZM_4,Dec-14,Feb-15,2014,2015,12,15,38,24.17,Forest edge,Chang et al. 2014
Subtropics,Taiwan,23.8887,120.8912,Forest,Rhacophoridae,Zhangixalus,Zhangixalus moltrechti,ZM,ZM_5,Dec-14,Feb-15,2014,2015,12,15,37.8,24.17,Forest edge,Chang et al. 2014
Subtropics,Taiwan,23.8887,120.8912,Forest,Rhacophoridae,Zhangixalus,Zhangixalus moltrechti,ZM,ZM_6,Dec-14,Feb-15,2014,2015,12,15,37.7,24.17,Forest edge,Chang et al. 2014
Subtropics,Taiwan,23.8887,120.8912,Forest,Rhacophoridae,Zhangixalus,Zhangixalus moltrechti,ZM,ZM_7,Dec-14,Feb-15,2014,2015,12,15,37.9,24.17,Forest edge,Chang et al. 2014
Subtropics,Taiwan,23.8887,120.8912,Forest,Rhacophoridae,Zhangixalus,Zhangixalus moltrechti,ZM,ZM_8,Dec-14,Feb-15,2014,2015,12,15,37.2,24.17,Forest edge,Chang et al. 2014
Subtropics,Taiwan,23.8887,120.8912,Forest,Rhacophoridae,Zhangixalus,Zhangixalus moltrechti,ZM,ZM_9,Dec-14,Feb-15,2014,2015,12,15,36.8,24.17,Forest edge,Chang et al. 2014
Subtropics,Taiwan,23.8887,120.8912,Forest,Rhacophoridae,Zhangixalus,Zhangixalus moltrechti,ZM,ZM_10,Dec-14,Feb-15,2014,2015,12,15,36.5,24.17,Forest edge,Chang et al. 2014
Subtropics,Taiwan,23.8887,120.8912,Forest,Rhacophoridae,Zhangixalus,Zhangixalus moltrechti,ZM,ZM_11,Dec-14,Feb-15,2014,2015,12,15,37.1,24.17,Forest edge,Chang et al. 2014
Subtropics,Taiwan,23.8887,120.8912,Forest,Rhacophoridae,Zhangixalus,Zhangixalus moltrechti,ZM,ZM_12,Dec-14,Feb-15,2014,2015,12,15,37.2,24.17,Forest edge,Chang et al. 2014
Subtropics,Taiwan,23.8887,120.8912,Forest,Rhacophoridae,Zhangixalus,Zhangixalus moltrechti,ZM,ZM_13,Dec-14,Feb-15,2014,2015,12,15,36.9,24.17,Forest edge,Chang et al. 2014
Subtropics,Taiwan,23.8887,120.8912,Forest,Rhacophoridae,Zhangixalus,Zhangixalus moltrechti,ZM,ZM_14,Dec-14,Feb-15,2014,2015,12,15,36.8,24.17,Forest edge,Chang et al. 2014
Subtropics,Taiwan,23.8887,120.8912,Forest,Rhacophoridae,Zhangixalus,Zhangixalus moltrechti,ZM,ZM_15,Dec-14,Feb-15,2014,2015,12,15,37,24.17,Forest edge,Chang et al. 2014
Subtropics,Taiwan,23.91883,120.88269,Forest,Microhylidae,Microhyla,Microhyla heymonsi,MH,MH_1,Jul-13,Sep-13,2013,2013,7,10,37,23.9,Generalist,Chuang pers. comm.
Subtropics,Taiwan,23.91883,120.88269,Forest,Microhylidae,Microhyla,Microhyla heymonsi,MH,MH_2,Jul-13,Sep-13,2013,2013,7,10,37.5,23.9,Generalist,Chuang pers. comm.
Subtropics,Taiwan,23.91883,120.88269,Forest,Microhylidae,Microhyla,Microhyla heymonsi,MH,MH_3,Jul-13,Sep-13,2013,2013,7,10,36.5,23.9,Generalist,Chuang pers. comm.
Subtropics,Taiwan,23.91883,120.88269,Forest,Microhylidae,Microhyla,Microhyla heymonsi,MH,MH_4,Jul-13,Sep-13,2013,2013,7,10,38,23.9,Generalist,Chuang pers. comm.
Subtropics,Taiwan,23.91883,120.88269,Forest,Microhylidae,Microhyla,Microhyla heymonsi,MH,MH_5,Jul-13,Sep-13,2013,2013,7,10,38,23.9,Generalist,Chuang pers. comm.
Subtropics,Taiwan,23.91883,120.88269,Forest,Microhylidae,Microhyla,Microhyla heymonsi,MH,MH_6,Jul-13,Sep-13,2013,2013,7,10,37.5,23.9,Generalist,Chuang pers. comm.
Subtropics,Taiwan,23.91883,120.88269,Forest,Microhylidae,Microhyla,Microhyla heymonsi,MH,MH_7,Jul-13,Sep-13,2013,2013,7,10,38,23.9,Generalist,Chuang pers. comm.
Subtropics,Taiwan,23.91883,120.88269,Forest,Microhylidae,Microhyla,Microhyla heymonsi,MH,MH_8,Jul-13,Sep-13,2013,2013,7,10,36.5,23.9,Generalist,Chuang pers. comm.
Subtropics,Taiwan,23.91883,120.88269,Forest,Microhylidae,Microhyla,Microhyla heymonsi,MH,MH_9,Jul-13,Sep-13,2013,2013,7,10,37,23.9,Generalist,Chuang pers. comm.
Subtropics,Taiwan,23.91883,120.88269,Forest,Microhylidae,Microhyla,Microhyla heymonsi,MH,MH_10,Jul-13,Sep-13,2013,2013,7,10,36.8,23.9,Generalist,Chuang pers. comm.
Subtropics,Taiwan,23.91883,120.88269,Forest,Microhylidae,Microhyla,Microhyla heymonsi,MH,MH_11,Jul-13,Sep-13,2013,2013,7,10,37.8,23.9,Generalist,Chuang pers. comm.
Subtropics,Taiwan,23.91883,120.88269,Forest,Microhylidae,Microhyla,Microhyla heymonsi,MH,MH_12,Jul-13,Sep-13,2013,2013,7,10,37.5,23.9,Generalist,Chuang pers. comm.
Subtropics,Taiwan,23.91883,120.88269,Forest,Microhylidae,Microhyla,Microhyla heymonsi,MH,MH_13,Jul-13,Sep-13,2013,2013,7,10,38.5,23.9,Generalist,Chuang pers. comm.
Subtropics,Taiwan,23.91883,120.88269,Forest,Microhylidae,Microhyla,Microhyla heymonsi,MH,MH_14,Jul-13,Sep-13,2013,2013,7,10,37.5,23.9,Generalist,Chuang pers. comm.
Subtropics,Taiwan,23.91883,120.88269,Forest,Microhylidae,Microhyla,Microhyla heymonsi,MH,MH_15,Jul-13,Sep-13,2013,2013,7,10,37.5,23.9,Generalist,Chuang pers. comm.
Subtropics,Taiwan,24.593667,120.998639,Open,Hylidae,Hyla,Hyla chinensis,HC,HC_1,May-17,Jul-17,2017,2017,5,8,38.2,29.14,Generalist,Chuang pers. comm.
Subtropics,Taiwan,24.593667,120.998639,Open,Hylidae,Hyla,Hyla chinensis,HC,HC_2,May-17,Jul-17,2017,2017,5,8,37.7,29.14,Generalist,Chuang pers. comm.
Subtropics,Taiwan,24.593667,120.998639,Open,Hylidae,Hyla,Hyla chinensis,HC,HC_3,May-17,Jul-17,2017,2017,5,8,37.8,29.14,Generalist,Chuang pers. comm.
Subtropics,Taiwan,24.593667,120.998639,Open,Hylidae,Hyla,Hyla chinensis,HC,HC_4,May-17,Jul-17,2017,2017,5,8,38.5,29.14,Generalist,Chuang pers. comm.
Subtropics,Taiwan,24.593667,120.998639,Open,Hylidae,Hyla,Hyla chinensis,HC,HC_5,May-17,Jul-17,2017,2017,5,8,38.9,29.14,Generalist,Chuang pers. comm.
Subtropics,Taiwan,24.593667,120.998639,Open,Hylidae,Hyla,Hyla chinensis,HC,HC_6,May-17,Jul-17,2017,2017,5,8,38.3,29.14,Generalist,Chuang pers. comm.
Subtropics,Taiwan,24.593667,120.998639,Open,Hylidae,Hyla,Hyla chinensis,HC,HC_7,May-17,Jul-17,2017,2017,5,8,38.4,29.14,Generalist,Chuang pers. comm.
Subtropics,Taiwan,24.593667,120.998639,Open,Hylidae,Hyla,Hyla chinensis,HC,HC_8,May-17,Jul-17,2017,2017,5,8,37.6,29.14,Generalist,Chuang pers. comm.
Subtropics,Taiwan,24.593667,120.998639,Open,Hylidae,Hyla,Hyla chinensis,HC,HC_9,May-17,Jul-17,2017,2017,5,8,38.1,29.14,Generalist,Chuang pers. comm.
Subtropics,Taiwan,24.593667,120.998639,Open,Hylidae,Hyla,Hyla chinensis,HC,HC_10,May-17,Jul-17,2017,2017,5,8,38.7,29.14,Generalist,Chuang pers. comm.
Subtropics,Taiwan,24.593667,120.998639,Open,Hylidae,Hyla,Hyla chinensis,HC,HC_11,May-17,Jul-17,2017,2017,5,8,38.2,29.14,Generalist,Chuang pers. comm.
Subtropics,Taiwan,24.593667,120.998639,Open,Hylidae,Hyla,Hyla chinensis,HC,HC_12,May-17,Jul-17,2017,2017,5,8,38.4,29.14,Generalist,Chuang pers. comm.
Subtropics,Taiwan,24.89025,121.56716,Open,Microhylidae,Microhyla,Microhyla fissipes,MF,MF-1,Jul-13,Dec-13,2013,2013,7,13,40.5,29.34,Open,Chuang pers. comm.
Subtropics,Taiwan,24.89025,121.56716,Open,Microhylidae,Microhyla,Microhyla fissipes,MF,MF-2,Jul-13,Dec-13,2013,2013,7,13,40.5,29.34,Open,Chuang pers. comm.
Subtropics,Taiwan,24.89025,121.56716,Open,Microhylidae,Microhyla,Microhyla fissipes,MF,MF-3,Jul-13,Dec-13,2013,2013,7,13,40,29.34,Open,Chuang pers. comm.
Subtropics,Taiwan,24.89025,121.56716,Open,Microhylidae,Microhyla,Microhyla fissipes,MF,MF-4,Jul-13,Dec-13,2013,2013,7,13,40,29.34,Open,Chuang pers. comm.
Subtropics,Taiwan,24.89025,121.56716,Open,Microhylidae,Microhyla,Microhyla fissipes,MF,MF-5,Jul-13,Dec-13,2013,2013,7,13,38,29.34,Open,Chuang pers. comm.
Subtropics,Taiwan,24.89025,121.56716,Open,Microhylidae,Microhyla,Microhyla fissipes,MF,MF-6,Jul-13,Dec-13,2013,2013,7,13,40,29.34,Open,Chuang pers. comm.
Subtropics,Taiwan,24.89025,121.56716,Open,Microhylidae,Microhyla,Microhyla fissipes,MF,MF-7,Jul-13,Dec-13,2013,2013,7,13,38,29.34,Open,Chuang pers. comm.
Subtropics,Taiwan,24.89025,121.56716,Open,Microhylidae,Microhyla,Microhyla fissipes,MF,MF-8,Jul-13,Dec-13,2013,2013,7,13,38.5,29.34,Open,Chuang pers. comm.
Subtropics,Taiwan,24.89025,121.56716,Open,Microhylidae,Microhyla,Microhyla fissipes,MF,MF-9,Jul-13,Dec-13,2013,2013,7,13,40,29.34,Open,Chuang pers. comm.
Subtropics,Taiwan,24.89025,121.56716,Open,Microhylidae,Microhyla,Microhyla fissipes,MF,MF-10,Jul-13,Dec-13,2013,2013,7,13,40,29.34,Open,Chuang pers. comm.
Subtropics,Taiwan,24.89025,121.56716,Open,Microhylidae,Microhyla,Microhyla fissipes,MF,MF-11,Jul-13,Dec-13,2013,2013,7,13,40,29.34,Open,Chuang pers. comm.
Subtropics,Taiwan,24.89025,121.56716,Open,Microhylidae,Microhyla,Microhyla fissipes,MF,MF-12,Jul-13,Dec-13,2013,2013,7,13,40.5,29.34,Open,Chuang pers. comm.
Subtropics,Taiwan,24.89025,121.56716,Open,Microhylidae,Microhyla,Microhyla fissipes,MF,MF-13,Jul-13,Dec-13,2013,2013,7,13,40,29.34,Open,Chuang pers. comm.
Subtropics,Taiwan,24.89025,121.56716,Open,Microhylidae,Microhyla,Microhyla fissipes,MF,MF-14,Jul-13,Dec-13,2013,2013,7,13,40,29.34,Open,Chuang pers. comm.
Subtropics,Taiwan,24.89025,121.56716,Open,Microhylidae,Microhyla,Microhyla fissipes,MF,MF-15,Jul-13,Dec-13,2013,2013,7,13,40,29.34,Open,Chuang pers. comm.
Subtropics,Taiwan,24.89025,121.56716,Open,Microhylidae,Microhyla,Microhyla fissipes,MF,MF-16,Jul-13,Dec-13,2013,2013,7,13,40,29.34,Open,Chuang pers. comm.
Subtropics,Taiwan,24.89025,121.56716,Open,Microhylidae,Microhyla,Microhyla fissipes,MF,MF-17,Jul-13,Dec-13,2013,2013,7,13,40,29.34,Open,Chuang pers. comm.
Subtropics,Taiwan,24.89025,121.56716,Open,Microhylidae,Microhyla,Microhyla fissipes,MF,MF-18,Jul-13,Dec-13,2013,2013,7,13,39.5,29.34,Open,Chuang pers. comm.
Subtropics,Taiwan,24.89025,121.56716,Open,Microhylidae,Microhyla,Microhyla fissipes,MF,MF-19,Jul-13,Dec-13,2013,2013,7,13,39,29.34,Open,Chuang pers. comm.
Subtropics,Taiwan,23.83575,120.748472,Open,Microhylidae,Microhyla,Micryletta steinegeri,MS,MS_1,Aug-15,Sep-15,2015,2015,8,10,37,33.027,Open,Chuang pers. comm.
Subtropics,Taiwan,23.83575,120.748472,Open,Microhylidae,Microhyla,Micryletta steinegeri,MS,MS_2,Aug-15,Sep-15,2015,2015,8,10,37.4,33.027,Open,Chuang pers. comm.
Subtropics,Taiwan,23.83575,120.748472,Open,Microhylidae,Microhyla,Micryletta steinegeri,MS,MS_3,Aug-15,Sep-15,2015,2015,8,10,37.4,33.027,Open,Chuang pers. comm.
Subtropics,Taiwan,23.83575,120.748472,Open,Microhylidae,Microhyla,Micryletta steinegeri,MS,MS_4,Aug-15,Sep-15,2015,2015,8,10,37,33.027,Open,Chuang pers. comm.
Subtropics,Taiwan,23.83575,120.748472,Open,Microhylidae,Microhyla,Micryletta steinegeri,MS,MS_5,Aug-15,Sep-15,2015,2015,8,10,36.5,33.027,Open,Chuang pers. comm.
Subtropics,Taiwan,23.83575,120.748472,Open,Microhylidae,Microhyla,Micryletta steinegeri,MS,MS_6,Aug-15,Sep-15,2015,2015,8,10,37.9,33.027,Open,Chuang pers. comm.
Subtropics,Taiwan,23.83575,120.748472,Open,Microhylidae,Microhyla,Micryletta steinegeri,MS,MS_7,Aug-15,Sep-15,2015,2015,8,10,37.7,33.027,Open,Chuang pers. comm.
Subtropics,Taiwan,23.83575,120.748472,Open,Microhylidae,Microhyla,Micryletta steinegeri,MS,MS_8,Aug-15,Sep-15,2015,2015,8,10,37.1,33.027,Open,Chuang pers. comm.
Subtropics,Taiwan,23.83575,120.748472,Open,Microhylidae,Microhyla,Micryletta steinegeri,MS,MS_9,Aug-15,Sep-15,2015,2015,8,10,37.8,33.027,Open,Chuang pers. comm.
Subtropics,Taiwan,23.83575,120.748472,Open,Microhylidae,Microhyla,Micryletta steinegeri,MS,MS_10,Aug-15,Sep-15,2015,2015,8,10,37,33.027,Open,Chuang pers. comm.
Subtropics,Taiwan,23.83575,120.748472,Open,Microhylidae,Microhyla,Micryletta steinegeri,MS,MS_11,Aug-15,Sep-15,2015,2015,8,10,37.4,33.027,Open,Chuang pers. comm.
Subtropics,Taiwan,23.83575,120.748472,Open,Microhylidae,Microhyla,Micryletta steinegeri,MS,MS_12,Aug-15,Sep-15,2015,2015,8,10,38,33.027,Open,Chuang pers. comm.
Subtropics,Taiwan,23.89078,120.8842,Open,Ranidae,Hylarana,Hylarana latouchii,HL,HL_1,Dec-14,Mar-15,2014,2015,12,16,38.1,21.34,Generalist,Huang et al. 2004
Subtropics,Taiwan,23.89078,120.8842,Open,Ranidae,Hylarana,Hylarana latouchii,HL,HL_2,Dec-14,Mar-15,2014,2015,12,16,37.9,21.34,Generalist,Huang et al. 2004
Subtropics,Taiwan,23.89078,120.8842,Open,Ranidae,Hylarana,Hylarana latouchii,HL,HL_3,Dec-14,Mar-15,2014,2015,12,16,37.9,21.34,Generalist,Huang et al. 2004
Subtropics,Taiwan,23.89078,120.8842,Open,Ranidae,Hylarana,Hylarana latouchii,HL,HL_4,Dec-14,Mar-15,2014,2015,12,16,37.2,21.34,Generalist,Huang et al. 2004
Subtropics,Taiwan,23.89078,120.8842,Open,Ranidae,Hylarana,Hylarana latouchii,HL,HL_5,Dec-14,Mar-15,2014,2015,12,16,37.3,21.34,Generalist,Huang et al. 2004
Subtropics,Taiwan,23.89078,120.8842,Open,Ranidae,Hylarana,Hylarana latouchii,HL,HL_6,Dec-14,Mar-15,2014,2015,12,16,37.6,21.34,Generalist,Huang et al. 2004
Subtropics,Taiwan,23.89078,120.8842,Open,Ranidae,Hylarana,Hylarana latouchii,HL,HL_7,Dec-14,Mar-15,2014,2015,12,16,37.6,21.34,Generalist,Huang et al. 2004
Subtropics,Taiwan,23.89078,120.8842,Open,Ranidae,Hylarana,Hylarana latouchii,HL,HL_8,Dec-14,Mar-15,2014,2015,12,16,37.3,21.34,Generalist,Huang et al. 2004
Subtropics,Taiwan,23.89078,120.8842,Open,Ranidae,Hylarana,Hylarana latouchii,HL,HL_9,Dec-14,Mar-15,2014,2015,12,16,37.9,21.34,Generalist,Huang et al. 2004
Subtropics,Taiwan,23.89078,120.8842,Open,Ranidae,Hylarana,Hylarana latouchii,HL,HL_10,Dec-14,Mar-15,2014,2015,12,16,36.9,21.34,Generalist,Huang et al. 2004
Subtropics,Taiwan,23.89078,120.8842,Open,Ranidae,Hylarana,Hylarana latouchii,HL,HL_11,Dec-14,Mar-15,2014,2015,12,16,37.1,21.34,Generalist,Huang et al. 2004
Subtropics,Taiwan,23.89078,120.8842,Open,Ranidae,Hylarana,Hylarana latouchii,HL,HL_12,Dec-14,Mar-15,2014,2015,12,16,37.5,21.34,Generalist,Huang et al. 2004
Subtropics,Taiwan,25.19112,121.5897,Open,Ranidae,Rana,Rana longicrus,RL,RL_1,Nov-14,Jan-15,2014,2015,11,14,36,19.75,Open,Kam et al. 1995
Subtropics,Taiwan,25.19112,121.5897,Open,Ranidae,Rana,Rana longicrus,RL,RL_2,Nov-14,Jan-15,2014,2015,11,14,36.7,19.75,Open,Kam et al. 1995
Subtropics,Taiwan,25.19112,121.5897,Open,Ranidae,Rana,Rana longicrus,RL,RL_3,Nov-14,Jan-15,2014,2015,11,14,35.5,19.75,Open,Kam et al. 1995
Subtropics,Taiwan,25.19112,121.5897,Open,Ranidae,Rana,Rana longicrus,RL,RL_4,Nov-14,Jan-15,2014,2015,11,14,36.2,19.75,Open,Kam et al. 1995
Subtropics,Taiwan,25.19112,121.5897,Open,Ranidae,Rana,Rana longicrus,RL,RL_5,Nov-14,Jan-15,2014,2015,11,14,35.5,19.75,Open,Kam et al. 1995
Subtropics,Taiwan,25.19112,121.5897,Open,Ranidae,Rana,Rana longicrus,RL,RL_6,Nov-14,Jan-15,2014,2015,11,14,35.5,19.75,Open,Kam et al. 1995
Subtropics,Taiwan,25.19112,121.5897,Open,Ranidae,Rana,Rana longicrus,RL,RL_7,Nov-14,Jan-15,2014,2015,11,14,35.9,19.75,Open,Kam et al. 1995
Subtropics,Taiwan,25.19112,121.5897,Open,Ranidae,Rana,Rana longicrus,RL,RL_8,Nov-14,Jan-15,2014,2015,11,14,36.2,19.75,Open,Kam et al. 1995
Subtropics,Taiwan,25.19112,121.5897,Open,Ranidae,Rana,Rana longicrus,RL,RL_9,Nov-14,Jan-15,2014,2015,11,14,34.9,19.75,Open,Kam et al. 1995
Subtropics,Taiwan,25.19112,121.5897,Open,Ranidae,Rana,Rana longicrus,RL,RL_10,Nov-14,Jan-15,2014,2015,11,14,35.5,19.75,Open,Kam et al. 1995
Subtropics,Taiwan,23.9023,120.89088,Open,Ranidae,Rana,Rana sauteri,RS,RS_1,Nov-13,Feb-14,2013,2014,11,15,33.5,24.89,Generalist,Jang-Liaw et al. 2009
Subtropics,Taiwan,23.9023,120.89088,Open,Ranidae,Rana,Rana sauteri,RS,RS_2,Nov-13,Feb-14,2013,2014,11,15,32.1,24.89,Generalist,Jang-Liaw et al. 2009
Subtropics,Taiwan,23.9023,120.89088,Open,Ranidae,Rana,Rana sauteri,RS,RS_3,Nov-13,Feb-14,2013,2014,11,15,30.2,24.89,Generalist,Jang-Liaw et al. 2009
Subtropics,Taiwan,23.9023,120.89088,Open,Ranidae,Rana,Rana sauteri,RS,RS_4,Nov-13,Feb-14,2013,2014,11,15,32.5,24.89,Generalist,Jang-Liaw et al. 2009
Subtropics,Taiwan,23.9023,120.89088,Open,Ranidae,Rana,Rana sauteri,RS,RS_5,Nov-13,Feb-14,2013,2014,11,15,33.5,24.89,Generalist,Jang-Liaw et al. 2009
Subtropics,Taiwan,23.9023,120.89088,Open,Ranidae,Rana,Rana sauteri,RS,RS_6,Nov-13,Feb-14,2013,2014,11,15,33,24.89,Generalist,Jang-Liaw et al. 2009
Subtropics,Taiwan,23.9023,120.89088,Open,Ranidae,Rana,Rana sauteri,RS,RS_7,Nov-13,Feb-14,2013,2014,11,15,32.5,24.89,Generalist,Jang-Liaw et al. 2009
Subtropics,Taiwan,23.9023,120.89088,Open,Ranidae,Rana,Rana sauteri,RS,RS_8,Nov-13,Feb-14,2013,2014,11,15,33.5,24.89,Generalist,Jang-Liaw et al. 2009
Subtropics,Taiwan,23.9023,120.89088,Open,Ranidae,Rana,Rana sauteri,RS,RS_9,Nov-13,Feb-14,2013,2014,11,15,32.3,24.89,Generalist,Jang-Liaw et al. 2009
Subtropics,Taiwan,23.9023,120.89088,Open,Ranidae,Rana,Rana sauteri,RS,RS_10,Nov-13,Feb-14,2013,2014,11,15,32.5,24.89,Generalist,Jang-Liaw et al. 2009
Subtropics,Taiwan,23.9023,120.89088,Open,Ranidae,Rana,Rana sauteri,RS,RS_11,Nov-13,Feb-14,2013,2014,11,15,33.7,24.89,Generalist,Jang-Liaw et al. 2009
Subtropics,Taiwan,23.9023,120.89088,Open,Ranidae,Rana,Rana sauteri,RS,RS_12,Nov-13,Feb-14,2013,2014,11,15,30.1,24.89,Generalist,Jang-Liaw et al. 2009
Subtropics,Taiwan,23.9023,120.89088,Open,Ranidae,Rana,Rana sauteri,RS,RS_13,Nov-13,Feb-14,2013,2014,11,15,31.7,24.89,Generalist,Jang-Liaw et al. 2009
Subtropics,Taiwan,23.9023,120.89088,Open,Ranidae,Rana,Rana sauteri,RS,RS_14,Nov-13,Feb-14,2013,2014,11,15,33,24.89,Generalist,Jang-Liaw et al. 2009
Subtropics,Taiwan,24.8632,121.55031,Open,Rhacophoridae,Buergeria,Buergeria choui,BC,BC_1,Aug-13,Sep-13,2013,2013,8,10,41.5,30.12,Generalist,Tominaga et al. 2015
Subtropics,Taiwan,24.8632,121.55031,Open,Rhacophoridae,Buergeria,Buergeria choui,BC,BC_2,Aug-13,Sep-13,2013,2013,8,10,43,30.12,Generalist,Tominaga et al. 2015
Subtropics,Taiwan,24.8632,121.55031,Open,Rhacophoridae,Buergeria,Buergeria choui,BC,BC_3,Aug-13,Sep-13,2013,2013,8,10,43,30.12,Generalist,Tominaga et al. 2015
Subtropics,Taiwan,24.8632,121.55031,Open,Rhacophoridae,Buergeria,Buergeria choui,BC,BC_4,Aug-13,Sep-13,2013,2013,8,10,41.5,30.12,Generalist,Tominaga et al. 2015
Subtropics,Taiwan,24.8632,121.55031,Open,Rhacophoridae,Buergeria,Buergeria choui,BC,BC_5,Aug-13,Sep-13,2013,2013,8,10,40,30.12,Generalist,Tominaga et al. 2015
Subtropics,Taiwan,24.8632,121.55031,Open,Rhacophoridae,Buergeria,Buergeria choui,BC,BC_6,Aug-13,Sep-13,2013,2013,8,10,39,30.12,Generalist,Tominaga et al. 2015
Subtropics,Taiwan,24.8632,121.55031,Open,Rhacophoridae,Buergeria,Buergeria choui,BC,BC_7,Aug-13,Sep-13,2013,2013,8,10,41,30.12,Generalist,Tominaga et al. 2015
Subtropics,Taiwan,24.8632,121.55031,Open,Rhacophoridae,Buergeria,Buergeria choui,BC,BC_8,Aug-13,Sep-13,2013,2013,8,10,42.5,30.12,Generalist,Tominaga et al. 2015
Subtropics,Taiwan,24.8632,121.55031,Open,Rhacophoridae,Buergeria,Buergeria choui,BC,BC_9,Aug-13,Sep-13,2013,2013,8,10,42,30.12,Generalist,Tominaga et al. 2015
Subtropics,Taiwan,24.8632,121.55031,Open,Rhacophoridae,Buergeria,Buergeria choui,BC,BC_10,Aug-13,Sep-13,2013,2013,8,10,42,30.12,Generalist,Tominaga et al. 2015
Subtropics,Taiwan,24.8632,121.55031,Open,Rhacophoridae,Buergeria,Buergeria choui,BC,BC_11,Aug-13,Sep-13,2013,2013,8,10,42.5,30.12,Generalist,Tominaga et al. 2015
Subtropics,Taiwan,24.8632,121.55031,Open,Rhacophoridae,Buergeria,Buergeria choui,BC,BC_12,Aug-13,Sep-13,2013,2013,8,10,41,30.12,Generalist,Tominaga et al. 2015
Subtropics,Taiwan,24.8632,121.55031,Open,Rhacophoridae,Buergeria,Buergeria choui,BC,BC_13,Aug-13,Sep-13,2013,2013,8,10,42,30.12,Generalist,Tominaga et al. 2015
Subtropics,Taiwan,24.8632,121.55031,Open,Rhacophoridae,Buergeria,Buergeria choui,BC,BC_14,Aug-13,Sep-13,2013,2013,8,10,41.5,30.12,Generalist,Tominaga et al. 2015
Subtropics,Taiwan,24.8632,121.55031,Open,Rhacophoridae,Buergeria,Buergeria choui,BC,BC_15,Aug-13,Sep-13,2013,2013,8,10,40.5,30.12,Generalist,Tominaga et al. 2015
Subtropics,Taiwan,24.8632,121.55031,Open,Rhacophoridae,Buergeria,Buergeria choui,BC,BC_16,Aug-13,Sep-13,2013,2013,8,10,40.5,30.12,Generalist,Tominaga et al. 2015
Subtropics,Taiwan,24.8632,121.55031,Open,Rhacophoridae,Buergeria,Buergeria choui,BC,BC_17,Aug-13,Sep-13,2013,2013,8,10,40,30.12,Generalist,Tominaga et al. 2015
Subtropics,Taiwan,24.8632,121.55031,Open,Rhacophoridae,Buergeria,Buergeria choui,BC,BC_18,Aug-13,Sep-13,2013,2013,8,10,41.5,30.12,Generalist,Tominaga et al. 2015
Subtropics,Taiwan,24.8632,121.55031,Open,Rhacophoridae,Buergeria,Buergeria choui,BC,BC_19,Aug-13,Sep-13,2013,2013,8,10,41.5,30.12,Generalist,Tominaga et al. 2015
Subtropics,Taiwan,24.8632,121.55031,Open,Rhacophoridae,Buergeria,Buergeria choui,BC,BC_20,Aug-13,Sep-13,2013,2013,8,10,41.5,30.12,Generalist,Tominaga et al. 2015
Subtropics,Taiwan,23.87941,120.8866,Open,Rhacophoridae,Buergeria,Buergeria robusta,BR,BR_1,Aug-14,Sep-14,2014,2014,8,10,39.4,25.283,Generalist,Lin et al. 2012
Subtropics,Taiwan,23.87941,120.8866,Open,Rhacophoridae,Buergeria,Buergeria robusta,BR,BR_2,Aug-14,Sep-14,2014,2014,8,10,39.4,25.283,Generalist,Lin et al. 2012
Subtropics,Taiwan,23.87941,120.8866,Open,Rhacophoridae,Buergeria,Buergeria robusta,BR,BR_3,Aug-14,Sep-14,2014,2014,8,10,39.6,25.283,Generalist,Lin et al. 2012
Subtropics,Taiwan,23.87941,120.8866,Open,Rhacophoridae,Buergeria,Buergeria robusta,BR,BR_4,Aug-14,Sep-14,2014,2014,8,10,37.5,25.283,Generalist,Lin et al. 2012
Subtropics,Taiwan,23.87941,120.8866,Open,Rhacophoridae,Buergeria,Buergeria robusta,BR,BR_5,Aug-14,Sep-14,2014,2014,8,10,39.3,25.283,Generalist,Lin et al. 2012
Subtropics,Taiwan,23.87941,120.8866,Open,Rhacophoridae,Buergeria,Buergeria robusta,BR,BR_6,Aug-14,Sep-14,2014,2014,8,10,35.4,25.283,Generalist,Lin et al. 2012
Subtropics,Taiwan,23.87941,120.8866,Open,Rhacophoridae,Buergeria,Buergeria robusta,BR,BR_7,Aug-14,Sep-14,2014,2014,8,10,39.1,25.283,Generalist,Lin et al. 2012
Subtropics,Taiwan,23.87941,120.8866,Open,Rhacophoridae,Buergeria,Buergeria robusta,BR,BR_8,Aug-14,Sep-14,2014,2014,8,10,37.5,25.283,Generalist,Lin et al. 2012
Subtropics,Taiwan,23.87941,120.8866,Open,Rhacophoridae,Buergeria,Buergeria robusta,BR,BR_9,Aug-14,Sep-14,2014,2014,8,10,38.7,25.283,Generalist,Lin et al. 2012
Subtropics,Taiwan,23.87941,120.8866,Open,Rhacophoridae,Buergeria,Buergeria robusta,BR,BR_10,Aug-14,Sep-14,2014,2014,8,10,37.8,25.283,Generalist,Lin et al. 2012
Subtropics,Taiwan,23.87941,120.8866,Open,Rhacophoridae,Buergeria,Buergeria robusta,BR,BR_11,Aug-14,Sep-14,2014,2014,8,10,39.3,25.283,Generalist,Lin et al. 2012
Subtropics,Taiwan,23.87941,120.8866,Open,Rhacophoridae,Buergeria,Buergeria robusta,BR,BR_12,Aug-14,Sep-14,2014,2014,8,10,37.9,25.283,Generalist,Lin et al. 2012
Subtropics,Taiwan,23.87941,120.8866,Open,Rhacophoridae,Buergeria,Buergeria robusta,BR,BR_13,Aug-14,Sep-14,2014,2014,8,10,39.3,25.283,Generalist,Lin et al. 2012
Subtropics,Taiwan,23.91444,120.896,Open,Rhacophoridae,Kurixalus,Kurixalus idiootocus,KI,KI_1,Jul-13,Sep-13,2013,2013,7,10,38,30,Generalist,Hou et al. 2008
Subtropics,Taiwan,23.91444,120.896,Open,Rhacophoridae,Kurixalus,Kurixalus idiootocus,KI,KI_2,Jul-13,Sep-13,2013,2013,7,10,38.5,30,Generalist,Hou et al. 2008
Subtropics,Taiwan,23.91444,120.896,Open,Rhacophoridae,Kurixalus,Kurixalus idiootocus,KI,KI_3,Jul-13,Sep-13,2013,2013,7,10,37,30,Generalist,Hou et al. 2008
Subtropics,Taiwan,23.91444,120.896,Open,Rhacophoridae,Kurixalus,Kurixalus idiootocus,KI,KI_4,Jul-13,Sep-13,2013,2013,7,10,38.5,30,Generalist,Hou et al. 2008
Subtropics,Taiwan,23.91444,120.896,Open,Rhacophoridae,Kurixalus,Kurixalus idiootocus,KI,KI_5,Jul-13,Sep-13,2013,2013,7,10,37.5,30,Generalist,Hou et al. 2008
Subtropics,Taiwan,23.91444,120.896,Open,Rhacophoridae,Kurixalus,Kurixalus idiootocus,KI,KI_6,Jul-13,Sep-13,2013,2013,7,10,37,30,Generalist,Hou et al. 2008
Subtropics,Taiwan,23.91444,120.896,Open,Rhacophoridae,Kurixalus,Kurixalus idiootocus,KI,KI_7,Jul-13,Sep-13,2013,2013,7,10,34,30,Generalist,Hou et al. 2008
Subtropics,Taiwan,23.91444,120.896,Open,Rhacophoridae,Kurixalus,Kurixalus idiootocus,KI,KI_8,Jul-13,Sep-13,2013,2013,7,10,37,30,Generalist,Hou et al. 2008
Subtropics,Taiwan,23.91444,120.896,Open,Rhacophoridae,Kurixalus,Kurixalus idiootocus,KI,KI_9,Jul-13,Sep-13,2013,2013,7,10,38,30,Generalist,Hou et al. 2008
Subtropics,Taiwan,23.91444,120.896,Open,Rhacophoridae,Kurixalus,Kurixalus idiootocus,KI,KI_10,Jul-13,Sep-13,2013,2013,7,10,38.5,30,Generalist,Hou et al. 2008
Subtropics,Taiwan,24.8632,121.55031,Open,Dicroglossidae,Fejervarya,Fejervarya limnocharis,FL,FL_1,Aug-13,Sep-13,2013,2013,8,10,41,30.12,Open,Kuan et al. 2011
Subtropics,Taiwan,24.8632,121.55031,Open,Dicroglossidae,Fejervarya,Fejervarya limnocharis,FL,FL_2,Aug-13,Sep-13,2013,2013,8,10,41,30.12,Open,Kuan et al. 2011
Subtropics,Taiwan,24.8632,121.55031,Open,Dicroglossidae,Fejervarya,Fejervarya limnocharis,FL,FL_3,Aug-13,Sep-13,2013,2013,8,10,43,30.12,Open,Kuan et al. 2011
Subtropics,Taiwan,24.8632,121.55031,Open,Dicroglossidae,Fejervarya,Fejervarya limnocharis,FL,FL_4,Aug-13,Sep-13,2013,2013,8,10,41,30.12,Open,Kuan et al. 2011
Subtropics,Taiwan,24.8632,121.55031,Open,Dicroglossidae,Fejervarya,Fejervarya limnocharis,FL,FL_5,Aug-13,Sep-13,2013,2013,8,10,42,30.12,Open,Kuan et al. 2011
Subtropics,Taiwan,24.8632,121.55031,Open,Dicroglossidae,Fejervarya,Fejervarya limnocharis,FL,FL_6,Aug-13,Sep-13,2013,2013,8,10,42.5,30.12,Open,Kuan et al. 2011
Subtropics,Taiwan,24.8632,121.55031,Open,Dicroglossidae,Fejervarya,Fejervarya limnocharis,FL,FL_7,Aug-13,Sep-13,2013,2013,8,10,42,30.12,Open,Kuan et al. 2011
Subtropics,Taiwan,24.8632,121.55031,Open,Dicroglossidae,Fejervarya,Fejervarya limnocharis,FL,FL_8,Aug-13,Sep-13,2013,2013,8,10,41,30.12,Open,Kuan et al. 2011
Subtropics,Taiwan,24.8632,121.55031,Open,Dicroglossidae,Fejervarya,Fejervarya limnocharis,FL,FL_9,Aug-13,Sep-13,2013,2013,8,10,41,30.12,Open,Kuan et al. 2011
Subtropics,Taiwan,24.8632,121.55031,Open,Dicroglossidae,Fejervarya,Fejervarya limnocharis,FL,FL_10,Aug-13,Sep-13,2013,2013,8,10,41,30.12,Open,Kuan et al. 2011
Subtropics,Taiwan,24.8632,121.55031,Open,Dicroglossidae,Fejervarya,Fejervarya limnocharis,FL,FL_11,Aug-13,Sep-13,2013,2013,8,10,39,30.12,Open,Kuan et al. 2011
Subtropics,Taiwan,24.8632,121.55031,Open,Dicroglossidae,Fejervarya,Fejervarya limnocharis,FL,FL_12,Aug-13,Sep-13,2013,2013,8,10,42,30.12,Open,Kuan et al. 2011
Subtropics,Taiwan,24.8632,121.55031,Open,Dicroglossidae,Fejervarya,Fejervarya limnocharis,FL,FL_13,Aug-13,Sep-13,2013,2013,8,10,41,30.12,Open,Kuan et al. 2011
Subtropics,Taiwan,24.8632,121.55031,Open,Dicroglossidae,Fejervarya,Fejervarya limnocharis,FL,FL_14,Aug-13,Sep-13,2013,2013,8,10,42.5,30.12,Open,Kuan et al. 2011
Subtropics,Taiwan,24.8632,121.55031,Open,Dicroglossidae,Fejervarya,Fejervarya limnocharis,FL,FL_15,Aug-13,Sep-13,2013,2013,8,10,42,30.12,Open,Kuan et al. 2011
Subtropics,Taiwan,24.8632,121.55031,Open,Dicroglossidae,Fejervarya,Fejervarya limnocharis,FL,FL_16,Aug-13,Sep-13,2013,2013,8,10,42,30.12,Open,Kuan et al. 2011
Subtropics,Taiwan,24.8632,121.55031,Open,Dicroglossidae,Fejervarya,Fejervarya limnocharis,FL,FL_17,Aug-13,Sep-13,2013,2013,8,10,42,30.12,Open,Kuan et al. 2011
Subtropics,Taiwan,24.8632,121.55031,Open,Dicroglossidae,Fejervarya,Fejervarya limnocharis,FL,FL_18,Aug-13,Sep-13,2013,2013,8,10,42,30.12,Open,Kuan et al. 2011
Subtropics,Taiwan,24.8632,121.55031,Open,Dicroglossidae,Fejervarya,Fejervarya limnocharis,FL,FL_19,Aug-13,Sep-13,2013,2013,8,10,42,30.12,Open,Kuan et al. 2011
Subtropics,Taiwan,24.8632,121.55031,Open,Dicroglossidae,Fejervarya,Fejervarya limnocharis,FL,FL_20,Aug-13,Sep-13,2013,2013,8,10,40,30.12,Open,Kuan et al. 2011
Subtropics,Taiwan,24.180853,120.608864,Open,Bufonidae,Duttaphrynus,Duttaphrynus melanostictus,DM,DM_1,May-15,Aug-15,2015,2015,3,9,41.7,35.115,Open,Huang et al. 1997
Subtropics,Taiwan,24.180853,120.608864,Open,Bufonidae,Duttaphrynus,Duttaphrynus melanostictus,DM,DM_2,May-15,Aug-15,2015,2015,3,9,41.1,35.115,Open,Huang et al. 1997
Subtropics,Taiwan,24.180853,120.608864,Open,Bufonidae,Duttaphrynus,Duttaphrynus melanostictus,DM,DM_3,May-15,Aug-15,2015,2015,3,9,41.8,35.115,Open,Huang et al. 1997
Subtropics,Taiwan,24.180853,120.608864,Open,Bufonidae,Duttaphrynus,Duttaphrynus melanostictus,DM,DM_4,May-15,Aug-15,2015,2015,3,9,41.3,35.115,Open,Huang et al. 1997
Subtropics,Taiwan,24.180853,120.608864,Open,Bufonidae,Duttaphrynus,Duttaphrynus melanostictus,DM,DM_5,May-15,Aug-15,2015,2015,3,9,41.5,35.115,Open,Huang et al. 1997
Subtropics,Taiwan,24.180853,120.608864,Open,Bufonidae,Duttaphrynus,Duttaphrynus melanostictus,DM,DM_6,May-15,Aug-15,2015,2015,3,9,41.1,35.115,Open,Huang et al. 1997
Subtropics,Taiwan,24.180853,120.608864,Open,Bufonidae,Duttaphrynus,Duttaphrynus melanostictus,DM,DM_7,May-15,Aug-15,2015,2015,3,9,41.5,35.115,Open,Huang et al. 1997
Subtropics,Taiwan,24.180853,120.608864,Open,Bufonidae,Duttaphrynus,Duttaphrynus melanostictus,DM,DM_8,May-15,Aug-15,2015,2015,3,9,41.6,35.115,Open,Huang et al. 1997
Subtropics,Taiwan,24.180853,120.608864,Open,Bufonidae,Duttaphrynus,Duttaphrynus melanostictus,DM,DM_9,May-15,Aug-15,2015,2015,3,9,41.2,35.115,Open,Huang et al. 1997
Subtropics,Taiwan,24.180853,120.608864,Open,Bufonidae,Duttaphrynus,Duttaphrynus melanostictus,DM,DM_10,May-15,Aug-15,2015,2015,3,9,41.2,35.115,Open,Huang et al. 1997
Subtropics,Taiwan,24.180853,120.608864,Open,Bufonidae,Duttaphrynus,Duttaphrynus melanostictus,DM,DM_11,May-15,Aug-15,2015,2015,3,9,41.3,35.115,Open,Huang et al. 1997
Subtropics,Taiwan,24.180853,120.608864,Open,Bufonidae,Duttaphrynus,Duttaphrynus melanostictus,DM,DM_12,May-15,Aug-15,2015,2015,3,9,41.3,35.115,Open,Huang et al. 1997
Subtropics,Taiwan,24.180853,120.608864,Open,Bufonidae,Duttaphrynus,Duttaphrynus melanostictus,DM,DM_13,May-15,Aug-15,2015,2015,3,9,41.4,35.115,Open,Huang et al. 1997
Subtropics,Taiwan,24.180853,120.608864,Open,Bufonidae,Duttaphrynus,Duttaphrynus melanostictus,DM,DM_14,May-15,Aug-15,2015,2015,3,9,41.6,35.115,Open,Huang et al. 1997
Subtropics,Taiwan,24.180853,120.608864,Open,Bufonidae,Duttaphrynus,Duttaphrynus melanostictus,DM,DM_15,May-15,Aug-15,2015,2015,3,9,41.5,35.115,Open,Huang et al. 1997